GS-GarageID;PM
5d91fa0e86442200154ef7fa;Marta Vozmediano
5f8eac2c4b586f00035d73fd;Emmanuel Codjia
5afd8cd9a562d500138bd9b5;Martin Rollin
5915b3c6d8f0041a00a8d76a;Camille Lardeau
5915b120d8f0041a00a8d4a8;Camille Lardeau
5915b116d8f0041a00a8d4a2;Camille Lardeau
5915b1f3d8f0041a00a8d561;Camille Lardeau
5e59190cdf47d100159339a3;Camille Lardeau
5e591b05df47d100159339f6;Camille Lardeau
5e5917cadf47d1001593395b;Camille Lardeau
59148ba98706791900e3f32b;Camille Lardeau
5609178c70ad25190055d502;Martin Rollin
5915b4c7d8f0041a00a8d88c;Camille Lardeau
5915b62dd8f0041a00a8d995;Camille Lardeau
5730b3ac5a3d4a1a00b44d86;Camille Lardeau
5a8c2dc369c70c00137d7aee;Laurène Poyatos
591473868706791900e3e1c1;Camille Lardeau
5915c0d9d8f0041a00a8e280;Camille Lardeau
59300c420a83931a004f2705;Camille Lardeau
5915c046d8f0041a00a8e1fa;Camille Lardeau
5948f44cbb9b861900180ff4;Camille Lardeau
5915bcf8d8f0041a00a8e04b;Camille Lardeau
5915c7aad8f0041a00a8e7ff;Camille Lardeau
5915bd8fd8f0041a00a8e08a;Camille Lardeau
5915becfd8f0041a00a8e14b;Camille Lardeau
57ea77ad125cf3190052afa2;Laurène Poyatos
5acb1ed4256499001335fa92;Laurène Poyatos
5acdddfce23ab60013bac25e;Laurène Poyatos
59148e8e8706791900e3f40a;Laurène Poyatos
591487d18706791900e3f10e;Laurène Poyatos
59148f408706791900e3f46e;Laurène Poyatos
5ae33f15a3a6f40013ac8a9f;Laurène Poyatos
59ccb48c8470f71200809b97;Laurène Poyatos
5800b995227404190028b8be;Laurène Poyatos
5800b21b227404190028af7e;Laurène Poyatos
5732ffa438c0161a00830304;Laurène Poyatos
5800b7e4227404190028b033;Laurène Poyatos
5800b160227404190028af7c;Laurène Poyatos
59131d028176af1900eea67e;Martin Rollin
59131d7a8176af1900eea6d4;Martin Rollin
59131cd58176af1900eea66b;Martin Rollin
5c34e39f5bae7e00152038c0;Laurène Poyatos
5c34e1e35bae7e0015203847;Laurène Poyatos
5c34e2835bae7e0015203853;Laurène Poyatos
5c34e1655bae7e0015203824;Laurène Poyatos
5c34e2a05bae7e0015203858;Laurène Poyatos
573c40875e0d041a006e094f;Laurène Poyatos
5c34e4b05bae7e00152038f3;Laurène Poyatos
5c34e5c174d1610015eb2bc9;Laurène Poyatos
5809e52fc87279190075925a;Laurène Poyatos
59035f2e50974b1900931b25;Laurène Poyatos
5a282112590aaa1300cd1a1c;Martin Rollin
5a2820d1590aaa1300cd19f5;Martin Rollin
578c9ac67213261a00b1c08b;Sarah Faid
578c999b7213261a00b1c08a;Sarah Faid
578c9b897213261a00b1c08c;Sarah Faid
5b213efe9bf9f50013242ad5;Sarah Faid
5b213d4e9bf9f50013242951;Sarah Faid
5b213fcf9bf9f50013242b1d;Sarah Faid
5b213e939bf9f50013242aba;Sarah Faid
5b213f659bf9f50013242af7;Sarah Faid
5c34e4bb5bae7e00152038f4;Laurène Poyatos
5c34e1f35bae7e0015203848;Laurène Poyatos
5c66d0312d3a66001537f08b;Camille Lardeau
5c66d14f2d3a66001537f0c7;Camille Lardeau
5c66ce842d3a66001537f04d;Camille Lardeau
5c66d06f2d3a66001537f0a4;Camille Lardeau
5c66d08b2d3a66001537f0a7;Camille Lardeau
5c66d1b42d3a66001537f0d2;Camille Lardeau
5c66ce5f2d3a66001537f045;Camille Lardeau
5c66d1f42d3a66001537f0dd;Sarah Faid
5c66d1a02d3a66001537f0d1;Camille Lardeau
5c66d3432d3a66001537f1d6;Camille Lardeau
5c66d3642d3a66001537f1d9;Camille Lardeau
5c66d0a62d3a66001537f0ac;Sarah Faid
5c66d20d2d3a66001537f10d;Sarah Faid
5c66d1372d3a66001537f0c4;Camille Lardeau
5c66d0ec2d3a66001537f0b8;Camille Lardeau
5c66ce1b2d3a66001537f034;Sarah Faid
5c66d1032d3a66001537f0bb;Sarah Faid
5c66d1cf2d3a66001537f0d6;Camille Lardeau
5c66cffe2d3a66001537f083;Camille Lardeau
58d160ddd02ee01a00b1fa92;Camille Lardeau
5c66cd472d3a66001537f00a;Camille Lardeau
5915c1ecd8f0041a00a8e3bb;Camille Lardeau
586cc5c6d3e89b1a00a1f25d;Camille Lardeau
5911b83dfb2da119004b13ba;Camille Lardeau
5e593442111c70001572a4ce;Martin Rollin
5efda84039f7440003e5b2af;Martin Rollin
5efdd46b39f7440003e5d8a2;Martin Rollin
5efdd27e39f7440003e5d77f;Martin Rollin
5efdda8439f7440003e5dbbf;Martin Rollin
5efddfd439f7440003e5ddfc;Martin Rollin
5e592c54df47d10015933d4b;Martin Rollin
5efdad4139f7440003e5b4cf;Martin Rollin
5efda6fd39f7440003e5b280;Martin Rollin
5efdd69039f7440003e5d9d7;Martin Rollin
5efda49939f7440003e5b204;Martin Rollin
5efdd97339f7440003e5db3f;Martin Rollin
583c72a96aa18c1900299882;Martin Rollin
583c73e26aa18c19002998c7;Martin Rollin
5915b5c3d8f0041a00a8d957;Camille Lardeau
5915b55ad8f0041a00a8d8ee;Camille Lardeau
5730bbc05a3d4a1a00b44d9c;Camille Lardeau
5730bab25a3d4a1a00b44d90;Camille Lardeau
57308e1d198cee1a00ee7b0a;Camille Lardeau
5730b6525a3d4a1a00b44d88;Camille Lardeau
5a8c2d5969c70c00137d7ac6;Laurène Poyatos
5a8c2e1369c70c00137d7b12;Laurène Poyatos
5a8c2ee869c70c00137d7b66;Laurène Poyatos
59f21735e3ff4512008bd042;Laurène Poyatos
59f3535a9568f512009d4e0f;Laurène Poyatos
59f3539f9568f512009d4e7f;Laurène Poyatos
5a8c304269c70c00137d7be2;Laurène Poyatos
5a8c2f5369c70c00137d7b8c;Laurène Poyatos
5915b9a7d8f0041a00a8ddcf;Laurène Poyatos
59146cb68706791900e3dd06;Laurène Poyatos
5b56ff5b1755340013adf120;Laurène Poyatos
5b5b40678702840013917a39;Sarah Faid
5b310c4de9dca0001354a40f;Martin Rollin
5915c155d8f0041a00a8e313;Camille Lardeau
591474648706791900e3e259;Camille Lardeau
5911d478fb2da119004b1ec4;Camille Lardeau
59119e82fb2da119004afdb1;Camille Lardeau
5911d598fb2da119004b1ef9;Camille Lardeau
5915c91bd8f0041a00a8e923;Camille Lardeau
5915c5f7d8f0041a00a8e6dc;Camille Lardeau
5915c465d8f0041a00a8e56a;Camille Lardeau
5915be67d8f0041a00a8e10b;Camille Lardeau
5915c8b7d8f0041a00a8e8d5;Camille Lardeau
591481ae8706791900e3eb95;Camille Lardeau
5915c565d8f0041a00a8e655;Camille Lardeau
58944f50b6df871a006c34dc;Camille Lardeau
5e593088111c70001572a400;Martin Rollin
5c34e4275bae7e00152038e1;Martin Rollin
5dcd85ce8c209700150ac186;Martin Rollin
5efde43d39f7440003e5e089;Martin Rollin
5efde0f639f7440003e5de98;Martin Rollin
5efde7ba39f7440003e5e24f;Martin Rollin
5e592e4fdf47d10015933dac;Martin Rollin
5e2ad6497398b30015aa06ba;Martin Rollin
5efde58939f7440003e5e136;Martin Rollin
5efdee7b39f7440003e5e6d2;Martin Rollin
5efdd83b39f7440003e5dabb;Martin Rollin
5acddeefe23ab60013bac42f;Laurène Poyatos
5acdd635e23ab60013baa1fd;Laurène Poyatos
5acb33ce2995780013cf9076;Laurène Poyatos
5acb2154256499001335fcec;Laurène Poyatos
5acb33002995780013cf8810;Laurène Poyatos
5acddb0ce23ab60013bab79a;Laurène Poyatos
5acf1642640872001345ed5e;Laurène Poyatos
5acdda23e23ab60013bab438;Laurène Poyatos
5acdd9aae23ab60013bab288;Laurène Poyatos
5afd91f6a562d500138bdbe9;Laurène Poyatos
5912e3447b17081900209bab;Laurène Poyatos
5912fe227b1708190020c4e3;Laurène Poyatos
5912ff0f7b1708190020c61e;Laurène Poyatos
5912e9177b17081900209cba;Laurène Poyatos
592547da0292211a002ea143;Laurène Poyatos
5912fe917b1708190020c5bd;Laurène Poyatos
5912e7617b17081900209c94;Laurène Poyatos
591300637b1708190020c8e4;Laurène Poyatos
5ae336c1a3a6f40013ac867e;Laurène Poyatos
5ae33ac0a3a6f40013ac88f0;Laurène Poyatos
5ae335d9a3a6f40013ac862b;Laurène Poyatos
5ae33b67a3a6f40013ac891d;Laurène Poyatos
5ae33db2a3a6f40013ac8a0c;Laurène Poyatos
5ae33f94a3a6f40013ac8ac4;Laurène Poyatos
5ae3407ea3a6f40013ac8b37;Laurène Poyatos
5ae341d5a3a6f40013ac8b96;Laurène Poyatos
5ae33e23a3a6f40013ac8a56;Laurène Poyatos
5ae342e5a3a6f40013ac8c28;Laurène Poyatos
5ae3355ba3a6f40013ac8608;Laurène Poyatos
595d0dffa917841a00dfffb2;Laurène Poyatos
5ae33775a3a6f40013ac86dc;Laurène Poyatos
59c523ee8c1a2b1b00e2c78f;Laurène Poyatos
5ab131709804fc001336f75b;Laurène Poyatos
5a9437fd9e1bdd00138a2417;Laurène Poyatos
5b1927851caae20013f46f9b;Laurène Poyatos
58009898227404190028a8f4;Laurène Poyatos
5800b680227404190028af89;Laurène Poyatos
5800af18227404190028af70;Laurène Poyatos
59131db98176af1900eea70f;Martin Rollin
59099f01aa96991900c228e6;Martin Rollin
590338825b6ecd190032d5a1;Martin Rollin
59021db63e25c51900c812db;Martin Rollin
59f213cbe3ff4512008bccc8;Martin Rollin
59f21210e3ff4512008bca8b;Martin Rollin
5ca3392257a31000159999a2;Martin Rollin
59f215a7e3ff4512008bce93;Martin Rollin
59f1fffae3ff4512008bb476;Martin Rollin
59f21239e3ff4512008bcab1;Martin Rollin
5bd7265e5387b800149833ff;Martin Rollin
5e343845123ff300156e347e;Martin Rollin
5e3438be123ff300156e349e;Martin Rollin
5e343766123ff300156e3448;Martin Rollin
5e3439fa123ff300156e34e0;Martin Rollin
5894b9adcffbb01a009d5d73;Martin Rollin
590c7a11592473190089801f;Martin Rollin
5c34e2505bae7e001520384f;Laurène Poyatos
5c34e30a5bae7e0015203865;Laurène Poyatos
5c34e3415bae7e00152038b8;Laurène Poyatos
5c34e2205bae7e0015203849;Laurène Poyatos
5c34e36d5bae7e00152038bc;Laurène Poyatos
573d96921595331a000ebb16;Laurène Poyatos
5c34e1a45bae7e001520383f;Laurène Poyatos
5c3c57a1b9573b0015a13b1a;Laurène Poyatos
573c42f05e0d041a006e0950;Laurène Poyatos
5c34e3fb5bae7e00152038dd;Laurène Poyatos
5c34e47e5bae7e00152038eb;Laurène Poyatos
5c34e4955bae7e00152038ed;Laurène Poyatos
5c34e4055bae7e00152038e0;Laurène Poyatos
5c34e42f5bae7e00152038e2;Laurène Poyatos
5c34e53d74d1610015eb2bb5;Laurène Poyatos
5c34e4c65bae7e00152038f5;Laurène Poyatos
5c34e50074d1610015eb2bae;Laurène Poyatos
5c34df265bae7e00152037e7;Laurène Poyatos
5c34df085bae7e00152037d7;Laurène Poyatos
5c34de0f5bae7e00152037b3;Laurène Poyatos
5c34e58474d1610015eb2bbd;Laurène Poyatos
5c34e1455bae7e0015203821;Laurène Poyatos
5c34e06c5bae7e0015203809;Laurène Poyatos
5c66cf702d3a66001537f06d;Camille Lardeau
5b97d9ce5f3c630013e8e3a7;Martin Rollin
5b92978968c5bb0013e37bd6;Martin Rollin
5b97dace5f3c630013e8e3fc;Martin Rollin
58ec87428a1c8e1a008a5bbc;Martin Rollin
58ee95b5c587891a0017b720;Martin Rollin
5a82b82931062400137eb32e;Laurène Poyatos
5bd71b097e896a00149e7b12;Martin Rollin
5dc58ab8ad48ed0015eafc3b;Martin Rollin
5b310cace9dca0001354a424;Martin Rollin
5abe399296a9bb0013a0c053;Laurène Poyatos
5b0ff81e984d6300139f3a9e;Martin Rollin
559d5d64c10cec19000227b2;Martin Rollin
5bd191add80c8500140e7cce;Martin Rollin
5c335e3e9ea4ee0015b9a454;Martin Rollin
5b2bb4e70d8fae0013937d91;Martin Rollin
5b3111f1e9dca0001354a92c;Martin Rollin
5b310319e9dca0001354a05c;Martin Rollin
5911db82fb2da119004b2090;Camille Lardeau
5b5700e91755340013adf79f;Laurène Poyatos
5b57164e1755340013ae2fb3;Laurène Poyatos
5b5718a21755340013ae31a7;Laurène Poyatos
5b30fc9ee9dca00013549c89;Martin Rollin
5b30fb9ee9dca00013549c3e;Martin Rollin
5b30bf64e9dca000135455e3;Martin Rollin
5b30c356e9dca00013546787;Martin Rollin
5b30d605e9dca000135485b6;Martin Rollin
5b30d477e9dca000135484ad;Martin Rollin
5b477b6d9242cf0013c17b7e;Martin Rollin
5b30d7b4e9dca0001354878d;Martin Rollin
5b30d89fe9dca00013548882;Martin Rollin
5b6957866e72f30013446650;Martin Rollin
5b310bd5e9dca0001354a3f4;Martin Rollin
5b4778a69242cf0013c17936;Martin Rollin
5b30da4ee9dca0001354898e;Martin Rollin
5b4774879242cf0013c17779;Martin Rollin
583c736d6aa18c19002998a3;Martin Rollin
5b97dbef5f3c630013e8e48a;Martin Rollin
5b4775369242cf0013c177db;Martin Rollin
5b4771e39242cf0013c1763f;Martin Rollin
5b30d929e9dca000135488d8;Martin Rollin
5ae347cba3a6f40013ac8e4e;Laurène Poyatos
5ae3473da3a6f40013ac8e0d;Laurène Poyatos
5ae34645a3a6f40013ac8d96;Laurène Poyatos
595d0ca0a917841a00dffea5;Laurène Poyatos
5ae34906a3a6f40013ac8e97;Laurène Poyatos
5ae33790a3a6f40013ac86e3;Laurène Poyatos
5909a1afaa96991900c2293d;Martin Rollin
5912e2007b17081900209b7b;Laurène Poyatos
5914901c8706791900e3f4f3;Laurène Poyatos
5ae338d1a3a6f40013ac8760;Martin Rollin
5ae343daa3a6f40013ac8ca3;Martin Rollin
5ae34530a3a6f40013ac8d4a;Martin Rollin
5ae345e7a3a6f40013ac8d74;Martin Rollin
5ae34875a3a6f40013ac8e74;Martin Rollin
5bd71be37e896a00149e7b1e;Martin Rollin
5bd72e495387b8001498353d;Martin Rollin
5bd730bf5387b8001498356a;Martin Rollin
5bd728965387b80014983439;Martin Rollin
5c38bb8185dc9c0015b4573f;Martin Rollin
58ebba9672c2051a00bf0326;Camille Lardeau
59021b933ae25e19005a4b83;Camille Lardeau
5c66cd692d3a66001537f00e;Camille Lardeau
5c66ce352d3a66001537f03b;Camille Lardeau
5c66cf4d2d3a66001537f065;Sarah Faid
591482778706791900e3ec0c;Camille Lardeau
5c34e0995bae7e001520380c;Laurène Poyatos
5c34e2395bae7e001520384c;Laurène Poyatos
5c34e25f5bae7e0015203850;Laurène Poyatos
5c8f69f0b6645c001585c0cd;Martin Rollin
5c8f6d86b6645c001585dae2;Martin Rollin
5c8f6e13b6645c001585dcdf;Martin Rollin
5c8f6e8db6645c001585df3c;Martin Rollin
5c8f6cf2b6645c001585d7ef;Martin Rollin
5c8f6c33b6645c001585d05c;Martin Rollin
5c8f6b89b6645c001585c587;Martin Rollin
5c8fa2377b345e0015f8b1ff;Sarah Faid
5c63eb6b1e0ec500156fc371;Camille Lardeau
5c66cc5f2d3a66001537ea83;Camille Lardeau
5c66ccb32d3a66001537ec10;Camille Lardeau
5c66cd0a2d3a66001537ee4c;Camille Lardeau
5c66d46c2d3a66001537f1fe;Camille Lardeau
5c66d4932d3a66001537f203;Camille Lardeau
5c66d4a82d3a66001537f204;Camille Lardeau
5c66d4bd2d3a66001537f206;Camille Lardeau
5c66d4d42d3a66001537f209;Camille Lardeau
5c66d4f22d3a66001537f20a;Camille Lardeau
5c66d5062d3a66001537f213;Camille Lardeau
5c66d5282d3a66001537f227;Camille Lardeau
5c66d5412d3a66001537f228;Camille Lardeau
5c66d5852d3a66001537f230;Camille Lardeau
5c66d59c2d3a66001537f233;Camille Lardeau
5c66d5af2d3a66001537f237;Camille Lardeau
5c66d5c22d3a66001537f23c;Camille Lardeau
5c66d5df2d3a66001537f24a;Camille Lardeau
5c8f63f1c7622a001553a655;Martin Rollin
5c8f64ebc7622a001553a65c;Martin Rollin
5c8f668db6645c001585b6cf;Martin Rollin
5c8f6760b6645c001585b943;Martin Rollin
5c8f6815b6645c001585bb4e;Martin Rollin
5c8f6603b6645c001585b51f;Martin Rollin
5c8f68aab6645c001585bd26;Martin Rollin
5c8f68f2b6645c001585bde3;Martin Rollin
5c8f6944b6645c001585bea8;Martin Rollin
5c8f698eb6645c001585bf6c;Martin Rollin
5c7819f27e8255001562669f;Martin Rollin
5ab4d8704436d10013b6e84e;Martin Rollin
5acb35822995780013cf9799;Martin Rollin
5ae334c5a3a6f40013ac85e2;Laurène Poyatos
5b97db765f3c630013e8e44f;Martin Rollin
5b97de0f5f3c630013e8e587;Martin Rollin
5c34e4495bae7e00152038e5;Laurène Poyatos
5c34e0c05bae7e001520380d;Laurène Poyatos
5c34e0e15bae7e0015203810;Laurène Poyatos
5c34e19a5bae7e001520383e;Laurène Poyatos
5c34e3135bae7e0015203878;Laurène Poyatos
5c34e3325bae7e00152038b5;Laurène Poyatos
5c34e3585bae7e00152038bb;Laurène Poyatos
5c34e3825bae7e00152038bd;Laurène Poyatos
5c34e4985bae7e00152038ef;Laurène Poyatos
5c34e4db5bae7e00152038fa;Laurène Poyatos
5c34e55474d1610015eb2bb6;Laurène Poyatos
5c34e55974d1610015eb2bb7;Laurène Poyatos
5c34e58a74d1610015eb2bbe;Laurène Poyatos
5c3c5852b9573b0015a13d5c;Laurène Poyatos
5c3c587db9573b0015a13de6;Laurène Poyatos
5c42050f7c915600153d5d49;Laurène Poyatos
5c4205557c915600153d5d4e;Laurène Poyatos
5c51adfae384380015d486e3;Martin Rollin
5cc723f69bf17500158e4b81;Martin Rollin
5cc729fd9bf17500158e4c23;Martin Rollin
5c34e3b05bae7e00152038c3;Laurène Poyatos
5c34e3eb5bae7e00152038dc;Laurène Poyatos
5c34e4555bae7e00152038e6;Laurène Poyatos
5c34e4655bae7e00152038e7;Laurène Poyatos
5e0dfc8bb63ad2001514b8ce;Martin Rollin
5dbb0b7d7034f300152e8d82;Laurène Poyatos
5dbb0d097034f300152e8df1;Laurène Poyatos
5dbb0e887034f300152e8e21;Laurène Poyatos
5de1128f52d272001585d6cb;Camille Lardeau
5de1133d52d272001585d730;Camille Lardeau
5de11bea52d272001585db20;Laurène Poyatos
5de11d8c52d272001585dbe4;Laurène Poyatos
5de1203e52d272001585dcc9;Laurène Poyatos
5e593370111c70001572a4a8;Martin Rollin
5e5931bb111c70001572a434;Martin Rollin
5e59327a111c70001572a462;Martin Rollin
5e592f50df47d10015933deb;Martin Rollin
5e592fc2111c70001572a3e3;Martin Rollin
5dea8c59ba5f0e0015bd678c;Camille Lardeau
5dea8cd7ba5f0e0015bd679e;Camille Lardeau
5defa7aabd48820015bcc4d4;Camille Lardeau
5defab8cbd48820015bcc6c4;Camille Lardeau
5defabfbbd48820015bcc880;Camille Lardeau
5e343957123ff300156e34c1;Martin Rollin
5e343f5649b8510015ffa5ab;Martin Rollin
5e34400049b8510015ffa5dc;Martin Rollin
5e3440db49b8510015ffa627;Martin Rollin
5e34427349b8510015ffa690;Martin Rollin
5e34431449b8510015ffa6ac;Martin Rollin
5ed13e6c9a3134001618d7d0;Martin Rollin
5efda94039f7440003e5b41e;Martin Rollin
5efdaac939f7440003e5b44e;Martin Rollin
5efdabbd39f7440003e5b48a;Martin Rollin
5efdae5539f7440003e5b508;Martin Rollin
5efdd34739f7440003e5d7f7;Martin Rollin
5efddbe539f7440003e5dc46;Martin Rollin
5efddd3739f7440003e5dcdf;Martin Rollin
5efde1d739f7440003e5df13;Martin Rollin
5efde68739f7440003e5e1b4;Martin Rollin
5efdec5739f7440003e5e55f;Martin Rollin
5efded1339f7440003e5e5fb;Martin Rollin
5efdf0a539f7440003e5e856;Martin Rollin
585bb3d28948591a00dedb4b;Camille Lardeau
5ac637b8eb2d30001360d475;Laurène Poyatos
5b0ff77d984d6300139f3a70;Laurène Poyatos
5b02ba7aa849c10013fe539c;Camille Lardeau
5b02b7c4a849c10013fe52b7;Camille Lardeau
5dde5909c481f5001537fc3c;Camille Lardeau
5d233a160b74c400151047d5;Camille Lardeau
5a1ec3575f2f921300362ec9;Camille Lardeau
5b2a26985a28550013f48cac;Camille Lardeau
5b2a279a5a28550013f4908d;Camille Lardeau
5e020c63aa46d5001525312d;Camille Lardeau
5e01f3d2aa46d5001525295d;Camille Lardeau
5e01de31aa46d500152521e3;Camille Lardeau
5a4e808fa3274d1300d5f6f6;Camille Lardeau
5cb9d4e5f8537700150abe76;Camille Lardeau
5d31d2fea13e7e00157af128;Camille Lardeau
5a82b95431062400137eb590;Camille Lardeau
5e60c35681d264001513331a;Camille Lardeau
5a82bb8031062400137eba15;Camille Lardeau
5c3c5740b9573b0015a13a55;Camille Lardeau
5cf1340a1dd508001542446d;Camille Lardeau
5a1575a4a6cac81300097fc2;Camille Lardeau
593a98cd61b3e91900fc72b2;Camille Lardeau
593a9d3d61b3e91900fc7783;Camille Lardeau
5ac63a0aeb2d30001360d683;Laurène Poyatos
5ac63984eb2d30001360d654;Laurène Poyatos
59d3b8131d912e1200b42452;Laurène Poyatos
5ac63cafdbbe7900132bb9aa;Laurène Poyatos
5ac6494cdbbe7900132bbf7a;Laurène Poyatos
5d92154586442200154efca7;Camille Lardeau
5d92102286442200154efbc1;Camille Lardeau
5d920df786442200154efb64;Camille Lardeau
5a4e746ba3274d1300d5f32b;Martin Rollin
5a4e7920a3274d1300d5f4e2;Martin Rollin
5a54a50be21d3713006900d9;Camille Lardeau
5a54a835e21d3713006905a5;Camille Lardeau
5a54a760e21d37130069046b;Camille Lardeau
590c80e75924731900898a83;Camille Lardeau
5763ca6e4b2ce01a006ed37c;Martin Rollin
577b6d7305bcba1a00a945f2;Martin Rollin
5b16bac414f61e001316b723;Camille Lardeau
5b192c7d1caae20013f4740c;Camille Lardeau
576ac1482838471a002c6c0b;Camille Lardeau
5ee7869d0ec6c90033090649;Camille Lardeau
5ee77fd40ec6c90033090534;Camille Lardeau
5ee784320ec6c900330905f4;Camille Lardeau
5a82a20331062400137e8c85;Camille Lardeau
5a82a38a31062400137e8ce8;Camille Lardeau
5a5e1c47f4609513002b6404;Camille Lardeau
5bc4561418ea8700144395fd;Camille Lardeau
5b5b32d08702840013917327;Martin Rollin
5b5b315c870284001391719d;Martin Rollin
5b5b2f458702840013916f06;Martin Rollin
5b02ca8ca849c10013fe592e;Martin Rollin
58c12186e8574a1a00efcdff;Camille Lardeau
5b9b74feeef1d50013272f63;Martin Rollin
59ef48972fcd361200f89ce0;Martin Rollin
59ef4c3c166ca012008a4f37;Martin Rollin
59ef4b4b2fcd361200f8a0b0;Martin Rollin
5b02b9daa849c10013fe534b;Camille Lardeau
5b02b555a849c10013fe51d9;Camille Lardeau
5b02b8dca849c10013fe531b;Camille Lardeau
5b02b94ea849c10013fe5339;Camille Lardeau
5b02c11ea849c10013fe5685;Camille Lardeau
5cc700736a820a001588e412;Camille Lardeau
5cc719ab9bf17500158e4999;Camille Lardeau
5cc8768ca5308a0015bd2302;Camille Lardeau
5ae725264973240013104ae4;Camille Lardeau
5ae722e74973240013104a24;Camille Lardeau
5799cc105e5f991900afeef1;Camille Lardeau
5ae725d24973240013104b18;Camille Lardeau
5ae726cd4973240013104b5e;Camille Lardeau
5ae727df4973240013104bbe;Camille Lardeau
5ed3fd95527a350016dfe5a9;Camille Lardeau
59fb4866805c8c1200195c90;Martin Rollin
5d8a13f116d99e001570f321;Camille Lardeau
5c0151d360063d0014ef85d8;Camille Lardeau
5d8a212a16d99e001570f786;Camille Lardeau
5d2339390b74c400151047a2;Camille Lardeau
5ebe791dcdd05d00163cb855;Camille Lardeau
5ebe7b6bcdd05d00163cb88b;Camille Lardeau
5ebe7cc8cdd05d00163cb8b0;Camille Lardeau
5efb8650763e940033a61004;Camille Lardeau
5a73224e2d905e0013168ab9;Camille Lardeau
5efb7ef6763e940033a60ebd;Camille Lardeau
5b2a24f95a28550013f486f2;Camille Lardeau
5b2a275b5a28550013f48fe4;Camille Lardeau
5b2a28085a28550013f49179;Camille Lardeau
5e01f750aa46d50015252b1a;Camille Lardeau
5e020a76aa46d500152530ae;Camille Lardeau
5e01e0aaaa46d50015252276;Camille Lardeau
5e00ecf9eca2400015c11d6c;Camille Lardeau
5e01cdf2aa46d50015251fd6;Camille Lardeau
5e020fffaa46d5001525320d;Camille Lardeau
5bd9de61f8b66700148d3b8e;Camille Lardeau
5e01d1aeaa46d5001525202c;Camille Lardeau
5e0211e4aa46d50015253289;Camille Lardeau
5e020d9aaa46d50015253175;Camille Lardeau
5e020925aa46d50015253045;Camille Lardeau
5e01e9dcaa46d5001525251a;Camille Lardeau
5e01ec1caa46d500152525c1;Camille Lardeau
5e01e6f4aa46d5001525246c;Camille Lardeau
5a82b5d931062400137ead40;Camille Lardeau
5a4e7d52a3274d1300d5f619;Camille Lardeau
5a82b1f931062400137e997a;Camille Lardeau
5a4e7f9fa3274d1300d5f6b5;Camille Lardeau
5a82b4fc31062400137ea82b;Camille Lardeau
5a4e817ca3274d1300d5f747;Camille Lardeau
5ac64c31dbbe7900132bc0a8;Camille Lardeau
5efb71bf763e940033a60cbb;Laurène Poyatos
5ebe75ddcdd05d00163cb808;Sarah Faid
5a79a9c419bdf40013ac9118;Camille Lardeau
5a79a90a19bdf40013ac9107;Camille Lardeau
5e4a672d3964d2001516c5ae;Camille Lardeau
5e4a65e33964d2001516c495;Camille Lardeau
5e4a616e3964d2001516c32f;Camille Lardeau
5dbab6afb35f8f0015e6e1a6;Camille Lardeau
5dea8b1fba5f0e0015bd66a6;Camille Lardeau
5a82a77c31062400137e8e25;Camille Lardeau
5a82be1d31062400137ebbea;Camille Lardeau
5d88c43b1614fb0015419ac1;Camille Lardeau
5e60bf2a81d2640015133286;Camille Lardeau
5da08bb4f133a50015b506f3;Camille Lardeau
5d5e89d2c1527e0015fd8f0f;Camille Lardeau
5a82b9ff31062400137eb6ec;Camille Lardeau
5a82be1d31062400137ebbeb;Camille Lardeau
5b39f0ae0d43f50013b4b23c;Camille Lardeau
5cc8603d32eaa9001532bb42;Camille Lardeau
5c337d575e5e76001535bed5;Camille Lardeau
5a0c1b74eccab91300447aec;Camille Lardeau
5bde77c558f55200143cd266;Martin Rollin
5c7507de021cfa001539925c;Camille Lardeau
577a30d774616c1a0056c26394f1;Camille Lardeau
5c75098f021cfa00153997a9;Camille Lardeau
5c750a7c021cfa0015399af0;Camille Lardeau
5c750c39021cfa0015399ff0;Camille Lardeau
5c750d3c021cfa001539a361;Camille Lardeau
5c750e53021cfa001539a6f5;Camille Lardeau
5a16a9c1e3b86c1300606a7a;Camille Lardeau
591c48990261751a001313b3;Camille Lardeau
591c47dd0261751a00131317;Camille Lardeau
591c4ace0261751a00131559;Camille Lardeau
591c436c0261751a00130d93;Camille Lardeau
591c467f0261751a001311dc;Camille Lardeau
591c44880261751a00130fd1;Camille Lardeau
591c4bb80261751a001315dd;Camille Lardeau
591c473c0261751a00131294;Camille Lardeau
591c4c660261751a00131626;Camille Lardeau
591c4dbf0261751a001316a8;Camille Lardeau
593a9cb161b3e91900fc769c;Camille Lardeau
593a9afd61b3e91900fc7541;Camille Lardeau
5b92909e68c5bb0013e377d6;Camille Lardeau
5ac63725eb2d30001360d44e;Laurène Poyatos
5ac63843eb2d30001360d4ce;Laurène Poyatos
5ac63483eb2d30001360d31d;Laurène Poyatos
5ac62fc6eb2d30001360d129;Laurène Poyatos
5ac62b08eb2d30001360cebb;Laurène Poyatos
5ac6391feb2d30001360d63b;Laurène Poyatos
5ac6389ceb2d30001360d5e0;Laurène Poyatos
5d9216b586442200154efced;Camille Lardeau
5d9215b586442200154efcbb;Camille Lardeau
5e31afca369b0600154e8806;Camille Lardeau
5d9219ea86442200154efd6b;Camille Lardeau
5d921acc86442200154efd81;Camille Lardeau
5cb745291a4e640015552746;Camille Lardeau
5d920e8786442200154efb7b;Camille Lardeau
5d920f9d86442200154efba7;Camille Lardeau
5d920ef786442200154efb8c;Camille Lardeau
5d921faf86442200154efec4;Camille Lardeau
5a4e77e4a3274d1300d5f4a1;Martin Rollin
5a54a04ce21d37130068f91d;Camille Lardeau
5a54a401e21d37130068ff20;Camille Lardeau
596c6ee458b9e31a00f6e2ad;Camille Lardeau
5b4cb96cbb59c30013f3d6b8;Camille Lardeau
5901e3640323d7190051bbcd;Camille Lardeau
5b192a941caae20013f4721d;Camille Lardeau
5bed5a6e077f100014b6843b;Camille Lardeau
5b8d5deeb7b8f80013366821;Camille Lardeau
582ac33146b84a1a00752319;Camille Lardeau
5eea2971971ef50035d0f87f;Camille Lardeau
5bed74b7077f100014b68af6;Camille Lardeau
5ee781850ec6c9003309057c;Camille Lardeau
5c014af260063d0014ef7f51;Camille Lardeau
5b609328fb85fc0013fba691;Sarah Faid
5922a2c2ba8e6a1a0057fc03;Camille Lardeau
5b1a9075e1a4bc0013c9864a;Camille Lardeau
593aa33861b3e91900fc7e9c;Camille Lardeau
5a93e8159e1bdd001389e1ca;Camille Lardeau
58988ab26d32f31a007c6728;Camille Lardeau
5b291c0103e8a20013a82356;Camille Lardeau
5b574e735c6f27001311ba13;Camille Lardeau
5b2a28ea5a28550013f4943e;Camille Lardeau
5915b8c8d8f0041a00a8dd20;Camille Lardeau
5c9396760294400015c82b77;Camille Lardeau
5c93975b0294400015c82c9d;Camille Lardeau
59f70674767074120050712f;Camille Lardeau
5b1a91c2e1a4bc0013c986f3;Camille Lardeau
5915b075d8f0041a00a8d416;Camille Lardeau
58f8650726bd621b006d4cc4;Camille Lardeau
5d6915111dfbd5001550471f;Camille Lardeau
5b4cbe85bb59c30013f3d8aa;Camille Lardeau
5898a4a02f22a61a00516b38;Camille Lardeau
5e2afe8c7398b30015aa09c0;Laurène Poyatos
5b6094c7fb85fc0013fba7fa;Sarah Faid
596ddcd9acb5bc1a00278f4c;Camille Lardeau
596df69d9678691a0055d7e9;Camille Lardeau
59035de0a50f4019006c3adc;Camille Lardeau
5a9e66fbc88b4000132db3bc;Camille Lardeau
5880d73e4fe97e1a002255cd;Camille Lardeau
590b1e2c33c3b51900b64d45;Camille Lardeau
5915b818d8f0041a00a8dbdf;Camille Lardeau
5b39ee510d43f50013b4b0af;Camille Lardeau
5badf30131040c001425e33a;Camille Lardeau
590ca2c7592473190089b0cb;Camille Lardeau
5ceeb666d1ffa70015dff97f;Camille Lardeau
5915ce6ed8f0041a00a8ed62;Camille Lardeau
5912deec7b17081900209b1b;Camille Lardeau
5bed72d8077f100014b68aae;Camille Lardeau
5b291d2d03e8a20013a823f1;Camille Lardeau
590b1fc233c3b51900b64eec;Camille Lardeau
593a9e3c61b3e91900fc78cc;Camille Lardeau
5bebf8de8f4e920014f24014;Camille Lardeau
5acb93922995780013cfd440;Camille Lardeau
590af6878cff1919006a3887;Camille Lardeau
590aebd68cff1919006a330e;Camille Lardeau
5b2a29c35a28550013f49721;Camille Lardeau
5b5751265c6f27001311baff;Camille Lardeau
590312f9e02bd11900a20ec5;Camille Lardeau
5da088f0f133a50015b50669;Camille Lardeau
5a4e6fe9a3274d1300d5f176;Camille Lardeau
5a0c05feeccab913004429ae;Camille Lardeau
5b16b81d364088001333a8c1;Camille Lardeau
5a16aab8e3b86c1300606ba5;Camille Lardeau
5a82a86f31062400137e8e7c;Camille Lardeau
5b2a29195a28550013f4950c;Camille Lardeau
5915ccefd8f0041a00a8ebd8;Camille Lardeau
5b193b3d1caae20013f47e01;Camille Lardeau
5bae34c745739b001496ea6d;Camille Lardeau
5acb94972995780013cfd493;Camille Lardeau
5a82af2631062400137e9070;Camille Lardeau
5e31abc2369b0600154e874e;Camille Lardeau
5bf691bac8d09200145eefaa;Camille Lardeau
5b2145539bf9f50013242d9c;Camille Lardeau
5b2a296a5a28550013f4962f;Camille Lardeau
5a54a2cfe21d37130068fd09;Camille Lardeau
59b14afaef5b4f1b000386c3;Camille Lardeau
58de083f66146e1a00376ccb;Martin Rollin
5a4dfdc4a3274d1300d59005;Camille Lardeau
5a8b0f089041b10013fd96f6;Camille Lardeau
5a1ec0645f2f921300362cd4;Camille Lardeau
5df7569ced47830015b51c79;Sarah Faid
5ae72bb74973240013104d02;Martin Rollin
5b92935d68c5bb0013e379aa;Martin Rollin
5b44d7e20ff689001324c65e;Camille Lardeau
5b4cb0fdbb59c30013f3d0d9;Camille Lardeau
5b45b9b479abc9001360fe99;Camille Lardeau
5bd9877f5e7788001459e7bf;Camille Lardeau
5bd988705e7788001459ebce;Camille Lardeau
5b5b322587028400139172c3;Martin Rollin
5a82bf3a31062400137ebdeb;Camille Lardeau
5a0c18d6eccab91300447546;Camille Lardeau
593aa02f61b3e91900fc7aa9;Camille Lardeau
593aa1c661b3e91900fc7cc5;Camille Lardeau
5bc8a98c6d0d440014aa40cc;Camille Lardeau
5bc8aa3c6d0d440014aa40d5;Camille Lardeau
5a82b68731062400137eafdf;Camille Lardeau
5bae35ac45739b001496ea9a;Camille Lardeau
5b192b981caae20013f473a7;Camille Lardeau
5ac64aa5dbbe7900132bbff9;Laurène Poyatos
5ac649cedbbe7900132bbfbb;Laurène Poyatos
5bebf4548f4e920014f23efa;Camille Lardeau
5bebf6c88f4e920014f23f9f;Camille Lardeau
5bebf77f8f4e920014f23fb4;Camille Lardeau
591464048706791900e3d5e8;Camille Lardeau
5b9b6c80eef1d50013272d7b;Camille Lardeau
5c5450edbe18c500155cf030;Camille Lardeau
5bd0a1f27c5d0900147929a0;Camille Lardeau
5b45d25f79abc900136117d7;Camille Lardeau
596df7c89678691a0055db5e;Camille Lardeau
596df7649678691a0055d9e8;Camille Lardeau
5a8b0f1b9041b10013fd970a;Camille Lardeau
5bd09bce997a9400144f1728;Camille Lardeau
5bd09eff997a9400144f177b;Camille Lardeau
5bd0a0457c5d09001479295d;Camille Lardeau
5c51c91fe1cc5b00150c2b5a;Camille Lardeau
5b2a2a045a28550013f49832;Camille Lardeau
5a82a49d31062400137e8d2b;Camille Lardeau
5a291b408ae0051300246ee3;Camille Lardeau
5b2a272b5a28550013f48f46;Camille Lardeau
5b2a27ce5a28550013f490cc;Camille Lardeau
5b2a28705a28550013f492e1;Camille Lardeau
596c6fdf58b9e31a00f6e355;Camille Lardeau
5ac640dcdbbe7900132bbb39;Laurène Poyatos
5ac62760eb2d30001360cb61;Laurène Poyatos
5ac64be4dbbe7900132bc08a;Laurène Poyatos
5ac6406ddbbe7900132bbb1d;Laurène Poyatos
5b45c47579abc900136101dd;Camille Lardeau
5ac64a4cdbbe7900132bbfe1;Laurène Poyatos
5a82baf031062400137eb8e2;Camille Lardeau
5ac64b65dbbe7900132bc060;Laurène Poyatos
5a8c24c569c70c00137d767f;Laurène Poyatos
5ace31a5b6ae8800131090b2;Camille Lardeau
5b92920368c5bb0013e37938;Camille Lardeau
5bf68c3cc8d09200145eed04;Camille Lardeau
5bf68ef3c8d09200145eee90;Camille Lardeau
5bf68fecc8d09200145eef2a;Camille Lardeau
5bf690d3c8d09200145eef6e;Camille Lardeau
5a4e6d23a3274d1300d5f068;Camille Lardeau
5b4cbeeabb59c30013f3d8be;Camille Lardeau
5ac63353eb2d30001360d2cc;Laurène Poyatos
5ac64640dbbe7900132bbe0c;Laurène Poyatos
5b19283f1caae20013f47004;Camille Lardeau
591c4d110261751a0013165a;Camille Lardeau
5b753bab550942001308ad6e;Camille Lardeau
5b753c80550942001308adab;Camille Lardeau
5bb37e3cf2bbc900148a2916;Camille Lardeau
5cc6ba6b146f390015bfdf14;Camille Lardeau
5cc87356a5308a0015bd2246;Camille Lardeau
5cee58b62b30cd0015895f17;Camille Lardeau
5d10c6b69a887200150961f9;Camille Lardeau
590b1c7433c3b51900b64999;Camille Lardeau
590b1ea533c3b51900b64dda;Camille Lardeau
590b1f2d33c3b51900b64ea1;Camille Lardeau
5b45d34f79abc90013611b88;Camille Lardeau
5898a71c2f22a61a00516c12;Camille Lardeau
591c49420261751a00131448;Camille Lardeau
5b9b7681eef1d50013272fb3;Martin Rollin
5bed7411077f100014b68ae9;Camille Lardeau
5c9398c40294400015c82d2d;Camille Lardeau
5a82bea731062400137ebc94;Camille Lardeau
5b2146099bf9f50013242dd6;Camille Lardeau
5b21483f9bf9f50013242ea9;Camille Lardeau
5b21489b9bf9f50013242ec7;Camille Lardeau
5b21496a9bf9f50013242f05;Camille Lardeau
5b75360e550942001308ab79;Camille Lardeau
5b753a4e550942001308acc6;Camille Lardeau
5bae352c45739b001496ea84;Camille Lardeau
5be41c2f8ff8b900143ba9ac;Camille Lardeau
5bebfb0e8f4e920014f24584;Camille Lardeau
5c066482805cce0014887a1e;Camille Lardeau
5c1b8e77f89bd700145fc0ed;Camille Lardeau
5c1b8fb4f89bd700145fc140;Camille Lardeau
5c2e20faf91e660015fc9e7f;Camille Lardeau
5c750b10021cfa0015399cb2;Camille Lardeau
5c750cb4021cfa001539a198;Camille Lardeau
5c750da7021cfa001539a4a5;Camille Lardeau
5c51bfcfe1cc5b00150c29ac;Camille Lardeau
5c51c526e1cc5b00150c2a50;Camille Lardeau
5c51c57ae1cc5b00150c2a57;Camille Lardeau
5c3c576db9573b0015a13ab7;Camille Lardeau
5ce81c8d105c320015767ca7;Marta Vozmediano
5c939bd30294400015c82db3;Camille Lardeau
5c9399320294400015c82d40;Camille Lardeau
5c9399a90294400015c82d4a;Camille Lardeau
5cb7493f1a4e64001555282f;Camille Lardeau
5cbf317be3da720015627386;Camille Lardeau
5c51c5c2e1cc5b00150c2a5e;Camille Lardeau
5c51c8a3e1cc5b00150c2b4f;Camille Lardeau
5c52db18b7c2e6001517b86e;Camille Lardeau
5c545186be18c500155cf04e;Camille Lardeau
5c7513e3021cfa001539b795;Camille Lardeau
58da3f116a2ec51a00c10170;Camille Lardeau
59088d56f9d62d1900ba0a93;Camille Lardeau
59fb495a805c8c1200195cf7;Martin Rollin
5cc8614132eaa9001532bbe2;Camille Lardeau
5cc8623f32eaa9001532bc73;Camille Lardeau
5cc86ccba5308a0015bd20f6;Camille Lardeau
5c51c499e1cc5b00150c2a42;Camille Lardeau
5b2a29ce5a28550013f4975b;Camille Lardeau
5cc6f87b728e68001514cfe9;Camille Lardeau
5cc6fd8e6a820a001588e3b7;Camille Lardeau
5cc6fe416a820a001588e3d1;Camille Lardeau
5cc71a039bf17500158e49a2;Camille Lardeau
5cc71aa79bf17500158e49b9;Camille Lardeau
5cc71c6a9bf17500158e49e9;Camille Lardeau
5cc867d132eaa9001532bd33;Camille Lardeau
5ccb053ce8e37b00158ab275;Laurène Poyatos
5ccb070ee8e37b00158ab2b6;Laurène Poyatos
5d10c4879a887200150960c3;Camille Lardeau
5d10ca169a887200150962ac;Camille Lardeau
5d5e8c4cc1527e0015fd8f8b;Camille Lardeau
5d83855506ee470015829c6b;Camille Lardeau
5cf136951dd5080015424480;Camille Lardeau
5d162fc68674c600151fb33a;Camille Lardeau
5d8a219a16d99e001570f799;Camille Lardeau
5d69158b1dfbd50015504748;Camille Lardeau
5d6916a21dfbd500155047b3;Camille Lardeau
5d6918461dfbd5001550480b;Camille Lardeau
5d6919971dfbd50015504866;Camille Lardeau
5d691a711dfbd50015504893;Camille Lardeau
5d88c6b21614fb0015419be9;Camille Lardeau
5d8a265b16d99e001570f9a1;Camille Lardeau
5d8a274016d99e001570f9d7;Camille Lardeau
5d92190f86442200154efd52;Camille Lardeau
5d921f1086442200154efe2f;Camille Lardeau
5da08ab7f133a50015b506cf;Camille Lardeau
5da08d70f133a50015b50759;Camille Lardeau
5da08f6af133a50015b50854;Camille Lardeau
5e01f13baa46d50015252812;Camille Lardeau
5e01f0f7aa46d500152527e7;Camille Lardeau
5e01f16faa46d5001525282c;Camille Lardeau
5e01d207aa46d50015252033;Camille Lardeau
5e021036aa46d50015253219;Camille Lardeau
5e02105eaa46d50015253229;Camille Lardeau
5e0210d1aa46d50015253249;Camille Lardeau
5e02108caa46d50015253235;Camille Lardeau
5e02110faa46d50015253256;Camille Lardeau
5e01f46eaa46d500152529bf;Camille Lardeau
5e01f4d8aa46d500152529ff;Camille Lardeau
5e01f43eaa46d500152529a5;Camille Lardeau
5e01f516aa46d50015252a28;Camille Lardeau
5e021269aa46d500152532a6;Camille Lardeau
5e021293aa46d500152532af;Camille Lardeau
5e02120faa46d50015253297;Camille Lardeau
5e02123caa46d5001525329d;Camille Lardeau
5e0212baaa46d500152532b5;Camille Lardeau
5e01cf1daa46d50015251fec;Camille Lardeau
5e01ce73aa46d50015251fe1;Camille Lardeau
5e01cecfaa46d50015251fe6;Camille Lardeau
5e01df25aa46d50015252211;Camille Lardeau
5e01debbaa46d50015252202;Camille Lardeau
5e00f3d459dceb0015401f20;Camille Lardeau
5e00ef2159dceb0015401e8d;Camille Lardeau
5e00f26859dceb0015401eef;Camille Lardeau
5e020b2faa46d500152530dd;Camille Lardeau
5e020af6aa46d500152530cc;Camille Lardeau
5e020b5daa46d500152530e4;Camille Lardeau
5e01ea5eaa46d50015252539;Camille Lardeau
5e01ecabaa46d500152525fc;Camille Lardeau
5e020e2baa46d5001525318d;Camille Lardeau
5e020df9aa46d5001525317d;Camille Lardeau
5e020dd0aa46d50015253179;Camille Lardeau
5e01e193aa46d500152522ce;Camille Lardeau
5e01e161aa46d500152522bf;Camille Lardeau
5e01e118aa46d500152522a2;Camille Lardeau
5e01f7bcaa46d50015252b43;Camille Lardeau
5e01f7f2aa46d50015252b54;Camille Lardeau
5e020987aa46d5001525305d;Camille Lardeau
5e01e261aa46d500152522f7;Camille Lardeau
5e01f067aa46d500152527b0;Camille Lardeau
5e020c9aaa46d50015253145;Camille Lardeau
5e01db5baa46d50015252129;Camille Lardeau
5e01dc24aa46d5001525213c;Camille Lardeau
5cf626fba0e84c0013e1cdbd;Camille Lardeau
5e542e9450b4990015133e53;Camille Lardeau
5d31d0dfa13e7e00157af09b;Camille Lardeau
5d92208686442200154efedb;Camille Lardeau
5dbab85db35f8f0015e6e1e0;Camille Lardeau
5dbab94fb35f8f0015e6e206;Camille Lardeau
5dbabe71b35f8f0015e6e364;Camille Lardeau
5dbb06997034f300152e8b29;Camille Lardeau
5dbb09257034f300152e8c0d;Laurène Poyatos
5dbb0a1f7034f300152e8c2b;Laurène Poyatos
5dbb0ad77034f300152e8c94;Laurène Poyatos
5dbb0bc87034f300152e8db4;Laurène Poyatos
5dbb0c2f7034f300152e8ddc;Laurène Poyatos
5dbb0d197034f300152e8df5;Laurène Poyatos
5dbb0e377034f300152e8e1b;Laurène Poyatos
5dbb0eff7034f300152e8e28;Laurène Poyatos
5df74e77ed47830015b51a5a;Camille Lardeau
5df7508eed47830015b51ac7;Camille Lardeau
5df7513eed47830015b51aff;Camille Lardeau
5e2071e40eb9a000151f495b;Camille Lardeau
5e2afc0f7398b30015aa09a3;Laurène Poyatos
5e5000fc23c93b0015babcaa;Camille Lardeau
5e5001c523c93b0015babcd4;Camille Lardeau
5e4fffd123c93b0015babc7b;Camille Lardeau
5e50005d23c93b0015babc8e;Camille Lardeau
5e4ffe3823c93b0015babc36;Camille Lardeau
5e4fff0d23c93b0015babc5b;Camille Lardeau
5e384962c731170015de317e;Camille Lardeau
5e384815c731170015de3118;Camille Lardeau
5e384756c731170015de3107;Camille Lardeau
5e38437ec731170015de3069;Camille Lardeau
5e384274c731170015de3040;Camille Lardeau
5e3838eda14ef500158771b7;Laurène Poyatos
5e3836b8a14ef50015877158;Camille Lardeau
5e383574a14ef5001587711d;Camille Lardeau
5e383494a14ef500158770ef;Camille Lardeau
5e38335ca14ef500158770ac;Camille Lardeau
5e383042a14ef50015877027;Camille Lardeau
5e382f8ba14ef50015876fd8;Camille Lardeau
5e382ec6a14ef50015876fa9;Camille Lardeau
5e382e98a14ef50015876fa4;Camille Lardeau
5e382cb2a14ef50015876f65;Camille Lardeau
5e382b91a14ef50015876f4f;Camille Lardeau
5e382a51a14ef50015876f27;Camille Lardeau
5e382484a14ef50015876e44;Camille Lardeau
5e3822eba14ef50015876e02;Camille Lardeau
5e3820a1a14ef50015876d9f;Camille Lardeau
5e381eeaa14ef50015876d43;Camille Lardeau
5e381d2aa14ef50015876cdd;Camille Lardeau
5e381c7fa14ef50015876cc3;Camille Lardeau
5e381894a14ef50015876c12;Camille Lardeau
5e38184fa14ef50015876c07;Camille Lardeau
5e380a58a14ef50015876983;Camille Lardeau
5e38098ba14ef50015876960;Camille Lardeau
5e6b64221903b700154ebfb9;Sarah Faid
5e6b6a3e1903b700154ec368;Sarah Faid
5ed8bce3ccbad5001631da58;Camille Lardeau
5e62837d292a04001571e82b;Camille Lardeau
5e628070292a04001571e7a9;Camille Lardeau
5ee785030ec6c9003309060d;Camille Lardeau
5ee78ac60ec6c90033090710;Camille Lardeau
5eea2aeb971ef50035d0f919;Camille Lardeau
5eea2f29971ef50035d0fa92;Camille Lardeau
5eea3128971ef50035d0fb2c;Camille Lardeau
5e6281ce292a04001571e7dc;Camille Lardeau
5ed0c3dd0c8e69001618324f;Sarah Faid
5efb7bdf763e940033a60e4e;Camille Lardeau
5efb834f763e940033a60f67;Camille Lardeau
5e60c15b81d26400151332e1;Camille Lardeau
5ebe7bd4cdd05d00163cb896;Camille Lardeau
5ebe7d5ccdd05d00163cb8bf;Camille Lardeau
5ebe7df5cdd05d00163cb8cd;Camille Lardeau
5ef22b6772d98600339f1341;Camille Lardeau
5ef22e3d72d98600339f13e1;Camille Lardeau
5efb72be763e940033a60ce6;Laurène Poyatos
5efc5bc32a28cc0033c7ff85;Laurène Poyatos
5e6901329dd2900015f3a9e7;Camille Lardeau
5e6901c29dd2900015f3a9ff;Camille Lardeau
5ebe7a70cdd05d00163cb875;Camille Lardeau
5ebe7eb2cdd05d00163cb8e1;Camille Lardeau
5f119e42e932570003e82d47;Camille Lardeau
5f11a0a9e932570003e82e58;Camille Lardeau
5f11a2c7e932570003e82f65;Camille Lardeau
5f11a3f6e932570003e82ff3;Camille Lardeau
5f3fd093a13d9b0003d99b5d;Camille Lardeau
5f3fd451a13d9b0003d99c17;Camille Lardeau
5f3fd53ca13d9b0003d99c43;Camille Lardeau
5f3fd887a13d9b0003d99cec;Camille Lardeau
5f3fd940a13d9b0003d99d26;Camille Lardeau
5f3fd9bfa13d9b0003d99d40;Camille Lardeau
5ebe732a8799c40016fae65d;Camille Lardeau
5ebe753dcdd05d00163cb7f7;Camille Lardeau
5ebe7651cdd05d00163cb812;Camille Lardeau
5ebe7844cdd05d00163cb845;Camille Lardeau
5f7f031c9390400003a7e300;Camille Lardeau
5f7f048d9390400003a7e33a;Camille Lardeau
5f7f06419390400003a7e371;Camille Lardeau
5915afd1d8f0041a00a8d37d;Camille Lardeau
58bebbc97643261a004e48a4;Martin Rollin
58bebdbb7643261a004e4a5d;Martin Rollin
58bec38f7643261a004e4d86;Martin Rollin
58bec2347643261a004e4ca5;Martin Rollin
58bec49d7643261a004e4e53;Martin Rollin
599eae6ceb5b811a00bff72b;Camille Lardeau
599eae6eeb5b811a00bff730;Camille Lardeau
599ec4ceeb5b811a00c04867;Camille Lardeau
5daf25b42589d400153804a5;Martin Rollin
5b113a33dfcdd50013849b0f;Martin Rollin
588a28fce1d98a1a0004d4d3;Martin Rollin
5b50b26ac65bed0013681b31;Martin Rollin
5d1b299ca167c1001593c8a2;Sarah Faid
5d1b282ba167c1001593c83f;Sarah Faid
5d1b260da167c1001593c794;Sarah Faid
5d1b2731a167c1001593c7ee;Sarah Faid
5d1b2be5a167c1001593c909;Sarah Faid
5d1b2ce8a167c1001593c944;Sarah Faid
5d1b2e5fa167c1001593c992;Sarah Faid
5d1b2f75a167c1001593c9c6;Sarah Faid
599ec3b4eb5b811a00c045c1;Camille Lardeau
5dc5853cad48ed0015eafafc;Martin Rollin
5a5892df0e09ac1300133404;Martin Rollin
5b97e2555f3c630013e8e791;Sarah Faid
5b97e1c65f3c630013e8e753;Sarah Faid
59a045b6b319ce1a004cb985;Camille Lardeau
59a046a6b319ce1a004cba0a;Camille Lardeau
5b0fa9c288941e00133d6cf8;Laurène Poyatos
5b588a3cace65f00134f3030;Martin Rollin
5915d3bcd8f0041a00a8f21f;Sarah Faid
5d1619828674c600151fad07;Laurène Poyatos
5d16185a8674c600151facd6;Laurène Poyatos
58b81a809c26591a0091058e;Sarah Faid
58ad653ae1b38d1a0073cc6b;Sarah Faid
5bd7338233846a001413102c;Camille Lardeau
59084bac5f830f1900f6d6de;Martin Rollin
59084e6c480e21190009af5a;Martin Rollin
5b02b53fa849c10013fe51d4;Sarah Faid
5b32034e3b60cb0013d227d3;Martin Rollin
5b50af8ac65bed0013681a2f;Laurène Poyatos
5be417138ff8b900143ba7cd;Laurène Poyatos
5b192d141caae20013f47458;Laurène Poyatos
5b1fcae080a15b0013bd8c0d;Martin Rollin
5b5731d95c6f27001311aa9e;Martin Rollin
5b8e903970b657001377c509;Martin Rollin
5b28ce9652a8dc001322e27f;Camille Lardeau
5b39f1580d43f50013b4b371;Camille Lardeau
5b39f3280d43f50013b4b840;Camille Lardeau
5b44c88f0ff689001324a7cf;Martin Rollin
5b1513238cc29100138f46bd;Martin Rollin
5bb1f087a335cd0014fd6450;Martin Rollin
5b44d5b40ff689001324c1b3;Martin Rollin
5be417138ff8b900143ba7ce;Laurène Poyatos
5c1b8b09f89bd700145fc048;Martin Rollin
5bd7331333846a0014131024;Martin Rollin
5b27d77eaa414300130be077;Martin Rollin
5ba4af03dbdf1c00147912f0;Camille Lardeau
5c9de98ee05fb1001574ee0b;Laurène Poyatos
5bc46ddc18ea87001443cfc7;Sarah Faid
5bc483c618ea87001443d71f;Sarah Faid
5bf681a3ac92a90014d3652d;Emmanuel Codjia
58c79b912eeceb1a00f21109;Martin Rollin
59e8bdf3721a391c009abe24;Sarah Faid
5c94adff59c0a300150e6241;Emmanuel Codjia
5b44c7dc0ff689001324a5cf;Martin Rollin
5b44c4e40ff6890013249ff7;Martin Rollin
5b5b3d73870284001391786b;Sarah Faid
5a996929638558001383abaf;Martin Rollin
5b5b3e2887028400139178c0;Sarah Faid
5e6a486e22d0fa0015458ad7;Emmanuel Codjia
5f77417ac12a96000335b1cf;Emmanuel Codjia
5dbaafc0e9e9200015a1f9c7;Emmanuel Codjia
5cb0a2f7fd38fa00158c2700;Emmanuel Codjia
5dfcf28a478f63001595b74a;Emmanuel Codjia
5cb0b64efd38fa00158c29c5;Emmanuel Codjia
5c34d59f5bae7e001520367e;Emmanuel Codjia
5e31c105369b0600154e8b52;Emmanuel Codjia
5e06368b0c0c7200150661ae;Emmanuel Codjia
5e063b240c0c720015066262;Emmanuel Codjia
5c88ca1bd5f8670015e6d8ae;Emmanuel Codjia
5c52c1a1b7c2e600151783c1;Emmanuel Codjia
5e34453449b8510015ffa744;Emmanuel Codjia
5ae333cea3a6f40013ac8565;Emmanuel Codjia
5cb6f361ee0d7000158a2805;Emmanuel Codjia
5b61d37322e5f50013b6f1f6;Emmanuel Codjia
5cc87576a5308a0015bd22d5;Emmanuel Codjia
5e343f2a49b8510015ffa59f;Emmanuel Codjia
5de8ba8a973deb001594891f;Emmanuel Codjia
5e31bc1e369b0600154e8a52;Emmanuel Codjia
5c52c154b7c2e600151782dd;Emmanuel Codjia
5c35e0d274d1610015eb6a70;Emmanuel Codjia
5dfccf7d478f63001595aedf;Emmanuel Codjia
5e666e060f8dc3001568a228;Emmanuel Codjia
5e32f497c4e6fc00154d4937;Emmanuel Codjia
5c98a6061d4e380015052c67;Emmanuel Codjia
5c88d04cd5f8670015e6df03;Emmanuel Codjia
5cc87030a5308a0015bd21f3;Emmanuel Codjia
5f242e25eef5b20003407ad2;Camille Lardeau
5c51cac6e1cc5b00150c2ba1;Emmanuel Codjia
5d761b803c31be001527b072;Emmanuel Codjia
5cb0b430fd38fa00158c2994;Emmanuel Codjia
5cc6b487146f390015bfde10;Emmanuel Codjia
5e31bf36369b0600154e8ae8;Emmanuel Codjia
5ca5e8be9b9b6f0015345ad3;Emmanuel Codjia
5dfccea3478f63001595aea5;Emmanuel Codjia
5c336aeb9ea4ee0015b9a638;Emmanuel Codjia
5c544eb3be18c500155cee27;Emmanuel Codjia
5cc86d06a5308a0015bd210e;Emmanuel Codjia
5c52d97cb7c2e6001517b7ac;Emmanuel Codjia
5df749b6ed47830015b5195b;Emmanuel Codjia
5c501d1606e45500151dafcc;Emmanuel Codjia
5c700971df716f00158e8fd3;Emmanuel Codjia
5c544f3ebe18c500155ceed2;Emmanuel Codjia
5e5514e9024efd00155e69ca;Emmanuel Codjia
5e5937b2111c70001572a5bc;Emmanuel Codjia
5cf67f46a0e84c0013e216aa;Emmanuel Codjia
5c5b0b74d0d5a50015fa2f3b;Emmanuel Codjia
5ca60b899b9b6f0015346727;Emmanuel Codjia
5afefbd94e6c2e00138a2ab1;Sarah Faid
5afefbe94e6c2e00138a2ab9;Sarah Faid
5bc4861e18ea87001443d782;Sarah Faid
5f049b990622de00036b7bb4;Emmanuel Codjia
5c52dcc3b7c2e6001517b8da;Emmanuel Codjia
5c52b7d84ed5390015e442c3;Emmanuel Codjia
5cc871d8a5308a0015bd2223;Emmanuel Codjia
5c52c324b7c2e600151788eb;Emmanuel Codjia
5cc090443bc7c100150703cd;Emmanuel Codjia
5db30badefb6f40015724c88;Emmanuel Codjia
585017d008263a1a0074040b;Martin Rollin
5e593901111c70001572a757;Emmanuel Codjia
5e593991111c70001572a813;Emmanuel Codjia
5def66b4bd48820015bcafec;Emmanuel Codjia
5e5950fb695aee0015b5ce44;Emmanuel Codjia
5ca5cded9b9b6f001534219c;Emmanuel Codjia
5c52b8324ed5390015e442c8;Emmanuel Codjia
5c52b8cd4ed5390015e442c9;Emmanuel Codjia
5c52b9094ed5390015e442cb;Emmanuel Codjia
5c545003be18c500155cf018;Emmanuel Codjia
5c88d244d5f8670015e6e4c4;Emmanuel Codjia
5afefa864e6c2e00138a2972;Sarah Faid
5caf4ff632c93d001587f726;Emmanuel Codjia
5caf503d32c93d001587f750;Emmanuel Codjia
5caf507432c93d001587f759;Emmanuel Codjia
5caf50aa32c93d001587f762;Emmanuel Codjia
5caf517c32c93d001587f783;Emmanuel Codjia
5caf520332c93d001587f79b;Emmanuel Codjia
5cb0a38ffd38fa00158c271a;Emmanuel Codjia
5c34dfcb5bae7e00152037fa;Emmanuel Codjia
5cdd719f3d5f8600156c0724;Martin Rollin
5ced42432ff6d40015be0dbf;Emmanuel Codjia
5c35e05274d1610015eb6a12;Emmanuel Codjia
5c35e13374d1610015eb6ab4;Emmanuel Codjia
5c35e1ad74d1610015eb6acf;Emmanuel Codjia
5c35e20974d1610015eb6ad4;Emmanuel Codjia
5c35ee0074d1610015eb6d5f;Emmanuel Codjia
5c35ee5a74d1610015eb6dd9;Emmanuel Codjia
5cc8697032eaa9001532bd98;Emmanuel Codjia
5cc86d96a5308a0015bd2121;Emmanuel Codjia
5ccfef36dcefb60015865466;Camille Lardeau
5cc6b10e146f390015bfddbc;Emmanuel Codjia
5cdd732d3d5f8600156c07c0;Martin Rollin
5cdd75b73d5f8600156c0838;Martin Rollin
5cf68833a0e84c0013e218f1;Emmanuel Codjia
5d7a43ec475083001535f3cb;Emmanuel Codjia
5e67ae10185d960015c499dc;Emmanuel Codjia
5e0638540c0c720015066213;Emmanuel Codjia
5e31b755369b0600154e8962;Emmanuel Codjia
5d39d06374201600157fba7a;Emmanuel Codjia
5e0639350c0c720015066230;Emmanuel Codjia
5e0639eb0c0c720015066246;Emmanuel Codjia
5ebc11a862615400166941e5;Emmanuel Codjia
5d84c3a32a44d900152fa198;Martin Rollin
5d39d15874201600157fba9e;Emmanuel Codjia
5e626561292a04001571e015;Emmanuel Codjia
5e5a9c3a695aee0015b5eab6;Emmanuel Codjia
5d39cdd574201600157fb9d9;Emmanuel Codjia
5d39d0f874201600157fba93;Emmanuel Codjia
5d39d1e874201600157fbaae;Emmanuel Codjia
5d39d24a74201600157fbabd;Emmanuel Codjia
5d39cf1974201600157fba34;Emmanuel Codjia
5d39d3cf74201600157fbb07;Emmanuel Codjia
5df74b7bed47830015b519ae;Emmanuel Codjia
5df74b0ced47830015b51992;Emmanuel Codjia
5dfcf39f478f63001595b77a;Emmanuel Codjia
5e0632c80c0c7200150660f7;Emmanuel Codjia
5e32f5b3c4e6fc00154d4975;Emmanuel Codjia
5e0638ac0c0c72001506621;Emmanuel Codjia
5e063a610c0c72001506624;Emmanuel Codjia
5e551561024efd00155e69df;Emmanuel Codjia
5e5516cf024efd00155e6a35;Emmanuel Codjia
5e0638ac0c0c72001506621f;Emmanuel Codjia
5e063a610c0c72001506624d;Emmanuel Codjia
5e31b924369b0600154e89a9;Emmanuel Codjia
5e34424b49b8510015ffa68b;Emmanuel Codjia
5e666f510f8dc3001568a2ea;Emmanuel Codjia
5e666fca0f8dc3001568a30e;Emmanuel Codjia
5e6670b90f8dc3001568a392;Emmanuel Codjia
5f6de49c504e720003761bd7;Emmanuel Codjia
5f6de644504e720003761ca5;Emmanuel Codjia
5f6de954504e720003761e02;Laurène Poyatos
5f6deb49504e720003761f2a;Laurène Poyatos
5f747cc4954fc8000354c186;Emmanuel Codjia
5f747d54954fc8000354c1e0;Emmanuel Codjia
5f747daf954fc8000354c20e;Emmanuel Codjia
5f747e05954fc8000354c228;Emmanuel Codjia
5f8954ab1529270003b526e1;Emmanuel Codjia
5cc720c99bf17500158e4a9f;Martin Rollin
5cc728369bf17500158e4bfb;Martin Rollin
5e5cf0c09b824b0015b07929;Laurène Poyatos
5950fee6d401be1900a17500;Laurène Poyatos
58249602cd1b991a00936b96;Laurène Poyatos
5a82a51b31062400137e8d40;Laurène Poyatos
5beee629582cf900141a13a4;Laurène Poyatos
5878ae44a4121b1a00bcdbda;Laurène Poyatos
5b30f31ae9dca000135497ec;Martin Rollin
5b30ec1ae9dca000135494e6;Martin Rollin
5d3f01733f2f4d001560cd65;Laurène Poyatos
58790442a4121b1a00bd0e5d;Laurène Poyatos
5878af01a4121b1a00bcdbed;Laurène Poyatos
587905eba4121b1a00bd0e9a;Laurène Poyatos
5911b9a5fb2da119004b146b;Laurène Poyatos
5911b6fefb2da119004b12cf;Laurène Poyatos
5b2b7daf0d8fae001393227b;Laurène Poyatos
5a8ef5496d604f0013769935;Laurène Poyatos
5a8ef5ab6d604f00137699a0;Laurène Poyatos
5a8ef6436d604f0013769a13;Laurène Poyatos
5a8ef9a16d604f0013769c2b;Laurène Poyatos
59146f188706791900e3dea4;Laurène Poyatos
59a92a909de08e1b006eb923;Laurène Poyatos
5b92401224e6a3001376c76a;Laurène Poyatos
591484a68706791900e3ee2d;Laurène Poyatos
591483848706791900e3ed21;Laurène Poyatos
5914863a8706791900e3ef7c;Laurène Poyatos
5b9a3ca297f706001329bbf6;Laurène Poyatos
590aecc68cff1919006a334c;Laurène Poyatos
590aebef8cff1919006a330f;Laurène Poyatos
590ae8108cff1919006a3279;Laurène Poyatos
590ae8b68cff1919006a328d;Laurène Poyatos
590ae72d8cff1919006a323c;Laurène Poyatos
58cbabafdaa35d1a0066809b;Laurène Poyatos
590ae98f8cff1919006a32c4;Laurène Poyatos
58cbad20daa35d1a006680fa;Laurène Poyatos
590ae4a78cff1919006a31f7;Laurène Poyatos
5d192ba580f0860015dedbde;Laurène Poyatos
5d19228080f0860015dedb87;Laurène Poyatos
5d19233180f0860015dedb8b;Laurène Poyatos
5d1929d480f0860015dedbc6;Laurène Poyatos
5d1928e580f0860015dedbbb;Laurène Poyatos
5d19288a80f0860015dedbb6;Laurène Poyatos
5d19271280f0860015dedbac;Laurène Poyatos
5d1927e480f0860015dedbb5;Laurène Poyatos
5d192a9d80f0860015dedbd2;Laurène Poyatos
5aba511e5524f700136f3ff4;Sarah Faid
593eb6639723d11a0001cff3;Laurène Poyatos
5cc7202e9bf17500158e4a88;Martin Rollin
5c34dfdd5bae7e00152037ff;Laurène Poyatos
5a4f8534b5f6fa130024a931;Martin Rollin
5cd52af6bfafbe00157f9d2b;Laurène Poyatos
5d1387415171cb0015d6ea88;Laurène Poyatos
5b9a3c1697f706001329ba9d;Laurène Poyatos
57ea8083125cf3190052b223;Laurène Poyatos
5894b9f1cffbb01a009d5d77;Laurène Poyatos
5a4bc9aff664271300303325;Martin Rollin
5a4bc7cff66427130030329c;Martin Rollin
59035e1fa50f4019006c3bb1;Laurène Poyatos
590358403235a9190089ecab;Laurène Poyatos
59035adba50f4019006c3124;Laurène Poyatos
59035d1da50f4019006c3868;Laurène Poyatos
59035be0a50f4019006c3467;Laurène Poyatos
59035fc050974b1900931d03;Laurène Poyatos
5acf2bf56408720013460472;Laurène Poyatos
5acf2cb06408720013460752;Laurène Poyatos
5ce429de2f675a0015faa013;Laurène Poyatos
5a8d435bec7c8b0013ccc08f;Martin Rollin
5acf29c2640872001345fbb2;Martin Rollin
5a8d4649ec7c8b0013ccc947;Martin Rollin
5767c1bff0862f1a0023fee2;Laurène Poyatos
582494ebc15c611a00d53e3e;Laurène Poyatos
58249219c15c611a00d53e09;Laurène Poyatos
5767c48df0862f1a0023fee4;Laurène Poyatos
5b1aa1c5e1a4bc0013c98f0b;Laurène Poyatos
5b97e71d5f3c630013e8eaa1;Martin Rollin
5b97e5585f3c630013e8e9bc;Martin Rollin
5b97e4e55f3c630013e8e981;Martin Rollin
5a55e867da3aa21300719490;Sarah Faid
5a561b18da3aa21300720764;Sarah Faid
5a561984da3aa2130072052e;Sarah Faid
5a55eafada3aa21300719d65;Sarah Faid
5a561794da3aa2130072024f;Sarah Faid
5a55e42bda3aa21300718700;Sarah Faid
5a55e7d8da3aa213007192da;Sarah Faid
5a55e9d6da3aa2130071996e;Sarah Faid
5a561bf9da3aa2130072091c;Sarah Faid
5a561a28da3aa21300720617;Sarah Faid
5a5618afda3aa21300720407;Sarah Faid
5b30bebae9dca00013545334;Martin Rollin
5b30bdf2e9dca000135450db;Martin Rollin
5a4bcd60f66427130030347a;Martin Rollin
5915cfedd8f0041a00a8eeda;Laurène Poyatos
5a82a66a31062400137e8da8;Laurène Poyatos
5bf566d1ef3556001410ee27;Laurène Poyatos
5c01529860063d0014ef85f1;Laurène Poyatos
5878b17ba4121b1a00bcdbf7;Laurène Poyatos
580a3ab5c8727919007617a3;Laurène Poyatos
5878b031a4121b1a00bcdbf0;Laurène Poyatos
5878a552a4121b1a00bcdb7b;Laurène Poyatos
5878b273a4121b1a00bcdbfb;Laurène Poyatos
5878b302a4121b1a00bcdbfe;Laurène Poyatos
5878b39aa4121b1a00bcdbff;Laurène Poyatos
5878b0e0a4121b1a00bcdbf3;Laurène Poyatos
5878a558a4121b1a00bcdb7c;Laurène Poyatos
5878a8b6a4121b1a00bcdbae;Laurène Poyatos
5878abb2a4121b1a00bcdbbf;Laurène Poyatos
580a3b3cc8727919007617ca;Laurène Poyatos
5878af18a4121b1a00bcdbee;Laurène Poyatos
5b30e8e4e9dca00013549372;Martin Rollin
5b30ed5ee9dca0001354958a;Martin Rollin
5b30eb1fe9dca0001354948d;Martin Rollin
5b30e994e9dca000135493b9;Martin Rollin
5b30fe33e9dca00013549d20;Martin Rollin
5b30fd35e9dca00013549cbf;Martin Rollin
5b30ff33e9dca00013549d9f;Martin Rollin
5bb1f65ba335cd0014fd81ef;Martin Rollin
5b30fe53e9dca00013549d2a;Martin Rollin
5b61d16022e5f50013b6f111;Laurène Poyatos
5b61d56822e5f50013b6f2af;Laurène Poyatos
5b72fe26bff6bd001395e0b7;Laurène Poyatos
5b72ff57bff6bd001395e115;Laurène Poyatos
5b61d66a22e5f50013b6f333;Laurène Poyatos
5b61d74b22e5f50013b6f488;Laurène Poyatos
5b72fda3bff6bd001395e06b;Laurène Poyatos
5b7300edbff6bd001395e19e;Laurène Poyatos
5b6957a86e72f3001344665f;Laurène Poyatos
5b6aaed4a6330a0013e92b2c;Laurène Poyatos
5b61d8b122e5f50013b6f5c4;Laurène Poyatos
59c4c62f7f29a21b00317e14;Laurène Poyatos
59c4b8be7f29a21b00317871;Laurène Poyatos
5b97e7fc5f3c630013e8eb36;Sarah Faid
5bd9dff8f8b66700148d3b9f;Laurène Poyatos
58790540a4121b1a00bd0e87;Laurène Poyatos
58790193a4121b1a00bd0e0e;Laurène Poyatos
58790dd2a4121b1a00bd1025;Laurène Poyatos
58790688a4121b1a00bd0ea8;Laurène Poyatos
58790728a4121b1a00bd0eb7;Laurène Poyatos
58790ee2a4121b1a00bd103c;Laurène Poyatos
590c7e7459247319008986e8;Laurène Poyatos
5b029a69a849c10013fe36d5;Martin Rollin
5b029ad9a849c10013fe38a2;Martin Rollin
5b0299f7a849c10013fe3541;Martin Rollin
5975aa7c9afef21a00ae989e;Laurène Poyatos
59d354381d912e1200b3688c;Laurène Poyatos
5975aad09afef21a00ae98de;Laurène Poyatos
59d359f11d912e1200b3732f;Laurène Poyatos
5bd98bf35e7788001459fa3b;Laurène Poyatos
5efb792c763e940033a60df5;Laurène Poyatos
590b3f3533c3b51900b66ff8;Laurène Poyatos
590b411633c3b51900b67102;Laurène Poyatos
59633e64c255f61a000a35ef;Laurène Poyatos
59633ccdc255f61a000a3490;Laurène Poyatos
5a8ef4cd6d604f0013769867;Laurène Poyatos
5a8ef7fb6d604f0013769b05;Laurène Poyatos
5a8ef8ea6d604f0013769bc2;Laurène Poyatos
5a8ef9516d604f0013769c08;Laurène Poyatos
5a8efbae22d4f5001317b0b7;Laurène Poyatos
5a8efc0c22d4f5001317b0e0;Laurène Poyatos
5a951d94784d770013e812c0;Laurène Poyatos
5a8efc5722d4f5001317b100;Laurène Poyatos
5a8efcca22d4f5001317b165;Laurène Poyatos
5a72f1ba2d905e0013164c30;Laurène Poyatos
5a72f0382d905e00131649a7;Laurène Poyatos
5a72edff2d905e0013164642;Laurène Poyatos
5a72edb92d905e00131645d1;Laurène Poyatos
5a72eebf2d905e0013164768;Laurène Poyatos
5a72ed042d905e00131644a5;Laurène Poyatos
5a72e5221ff5ce0013672761;Laurène Poyatos
591471178706791900e3e040;Laurène Poyatos
59397ef89b90721900cc1fa4;Laurène Poyatos
59397ebf9b90721900cc1f7b;Laurène Poyatos
591471c48706791900e3e0b9;Laurène Poyatos
591470048706791900e3df4d;Laurène Poyatos
59146e508706791900e3de23;Laurène Poyatos
5914723f8706791900e3e11c;Laurène Poyatos
59a929ed9de08e1b006eb8d5;Laurène Poyatos
570ec7213bbdaa1a004edcc0;Laurène Poyatos
59a929249de08e1b006eb85f;Laurène Poyatos
59a9280f9de08e1b006eb812;Laurène Poyatos
59a927389de08e1b006eb7f7;Laurène Poyatos
59a926829de08e1b006eb7dc;Laurène Poyatos
59a82b2888b3b51a00adc439;Laurène Poyatos
5bed7373077f100014b68ab8;Laurène Poyatos
59a930479de08e1b006ebb2c;Laurène Poyatos
59a92df99de08e1b006ebaab;Laurène Poyatos
5a966ccf81ddf200131ae271;Laurène Poyatos
5a82b77a31062400137eb1bf;Laurène Poyatos
59a92d439de08e1b006eba70;Laurène Poyatos
59a92cc09de08e1b006eba5a;Laurène Poyatos
59a82ab188b3b51a00adc3b5;Laurène Poyatos
59a55ec91cc9e91a00740e39;Laurène Poyatos
57fcb8fd6edd8519001fbd8a;Laurène Poyatos
57fcbaef6edd8519001fbd93;Laurène Poyatos
57fcb7fc6edd8519001fbd85;Laurène Poyatos
57fcba3e6edd8519001fbd8e;Laurène Poyatos
5a4bcb39f6642713003033b2;Martin Rollin
591486e78706791900e3effc;Laurène Poyatos
590ae6a98cff1919006a3231;Laurène Poyatos
58cba89cdaa35d1a00667ff3;Laurène Poyatos
5ba4c59519a5c60014eb9eda;Laurène Poyatos
5d19251480f0860015dedb95;Laurène Poyatos
5d19261980f0860015dedba5;Laurène Poyatos
591489408706791900e3f1eb;Laurène Poyatos
5915d489d8f0041a00a8f2fe;Laurène Poyatos
5a16ac03e3b86c1300606cd4;Martin Rollin
5e5939d9111c70001572a883;Laurène Poyatos
5e5cf2f59b824b0015b079aa;Laurène Poyatos
5e59364c111c70001572a55a;Laurène Poyatos
5e5930cd111c70001572a40b;Laurène Poyatos
5e593cbc111c70001572aaa2;Laurène Poyatos
5e593e7f111c70001572aaf4;Laurène Poyatos
5e59328a111c70001572a46b;Laurène Poyatos
5e5cf5169b824b0015b07a1f;Laurène Poyatos
5e5933c7111c70001572a4b3;Laurène Poyatos
5e5cf47b9b824b0015b07a01;Laurène Poyatos
5cc86e6fa5308a0015bd212d;Laurène Poyatos
59148b0f8706791900e3f301;Laurène Poyatos
59148a2f8706791900e3f298;Laurène Poyatos
58fe001cc4843c1a0044452d;Laurène Poyatos
5c34df875bae7e00152037ef;Laurène Poyatos
591488cc8706791900e3f1b7;Laurène Poyatos
591487f98706791900e3f12b;Laurène Poyatos
59e4e51f50b3e41100b7d846;Martin Rollin
5b97e3595f3c630013e8e80a;Martin Rollin
59146c0e8706791900e3dca0;Laurène Poyatos
5a4fb15db5f6fa130024d015;Laurène Poyatos
5acf58e46408720013465707;Laurène Poyatos
5a82aa5c31062400137e8f19;Laurène Poyatos
5ae2f808b320ff0013ed231a;Laurène Poyatos
5a4bc478f664271300303147;Martin Rollin
591465f78706791900e3d789;Laurène Poyatos
5a1ecd4a5f2f921300363614;Sarah Faid
5915cf45d8f0041a00a8ee58;Laurène Poyatos
591467628706791900e3d97e;Laurène Poyatos
5914692c8706791900e3da71;Laurène Poyatos
5acb34cf2995780013cf949a;Laurène Poyatos
5798e96cd237af1900fe26f0;Laurène Poyatos
58b69393f5b5d71a00efc8f3;Laurène Poyatos
58b699c8f5b5d71a00efc9a4;Laurène Poyatos
5915d5d2d8f0041a00a8f3d0;Martin Rollin
5a4bc66ff6642713003031e7;Martin Rollin
5915d694d8f0041a00a8f486;Martin Rollin
5e426a5828a89d0015a11b6a;Sarah Faid
5915d321d8f0041a00a8f196;Laurène Poyatos
59146da28706791900e3ddaf;Laurène Poyatos
590851d3480e21190009b71c;Laurène Poyatos
59085073480e21190009b40f;Laurène Poyatos
5908534bf05046190057e344;Laurène Poyatos
5b07b7d964563b0013e328b0;Sarah Faid
59df6762e4654211003b1509;Martin Rollin
59df671ae4654211003b14b3;Martin Rollin
58da65277d4c761a00d23f65;Laurène Poyatos
5a8d45b8ec7c8b0013ccc792;Martin Rollin
59085279aa345e1900d5cf3c;Laurène Poyatos
590c93f2592473190089a045;Laurène Poyatos
5baf609af950a4002fedc879;Laurène Poyatos
5bbdf9f1a244930014bb2eb6;Sarah Faid
58da6dc37d4c761a00d24510;Laurène Poyatos
5b698f15584c540013215280;Laurène Poyatos
58da69ae7d4c761a00d242b4;Laurène Poyatos
58da6bd67d4c761a00d24406;Laurène Poyatos
58da6cb67d4c761a00d244a8;Laurène Poyatos
5b730211bff6bd001395e1f4;Laurène Poyatos
5ba4c61719a5c60014eb9f69;Laurène Poyatos
5a96ac7481ddf200131b5f71;Martin Rollin
5b7534b1550942001308aadd;Laurène Poyatos
5c6c020a3fa80a0015050de9;Laurène Poyatos
5b30e5f2e9dca0001354917f;Martin Rollin
5b310394e9dca0001354a08c;Martin Rollin
5b31055ee9dca0001354a11f;Martin Rollin
5b30ede5e9dca000135495ac;Martin Rollin
5afd89a3a562d500138bd8c4;Martin Rollin
59df667be4654211003b13ea;Martin Rollin
59df6625e4654211003b1346;Martin Rollin
59df66f3e4654211003b1487;Martin Rollin
5915d716d8f0041a00a8f4e7;Martin Rollin
5915d640d8f0041a00a8f444;Martin Rollin
5915d78cd8f0041a00a8f56c;Martin Rollin
5915d52dd8f0041a00a8f34f;Martin Rollin
5b2b7d0d0d8fae0013932169;Martin Rollin
5b2b7a0f0d8fae0013931a0d;Martin Rollin
5a8ef5f76d604f00137699df;Laurène Poyatos
5878ad63a4121b1a00bcdbcb;Laurène Poyatos
5b080e2edebfb70013f9bf89;Sarah Faid
5acf2bab6408720013460350;Martin Rollin
5a8ed899b91cd40013e483d2;Martin Rollin
5b30d2e2e9dca000135483bd;Martin Rollin
5b029c4ba849c10013fe3ce1;Martin Rollin
5b310264e9dca0001354a026;Martin Rollin
5b029c9ba849c10013fe3d7e;Martin Rollin
5b029bc0a849c10013fe3bc9;Martin Rollin
5bbdf9f1a244930014bb2eb5;Sarah Faid
591470ab8706791900e3dfc2;Laurène Poyatos
591483fd8706791900e3ed99;Laurène Poyatos
59a92c429de08e1b006eba4a;Laurène Poyatos
5a290e1e8ae0051300244bdb;Laurène Poyatos
5c4b268125d9b000153bc53a;Martin Rollin
5c4b277a25d9b000153bc585;Martin Rollin
5c4b287a25d9b000153bc5b9;Martin Rollin
5c4b28fb25d9b000153bc5c4;Martin Rollin
5c4b296325d9b000153bc5d2;Martin Rollin
5b214a5c9bf9f50013242f8b;Laurène Poyatos
5b28da2a52a8dc001323102c;Laurène Poyatos
59a92f529de08e1b006ebaec;Laurène Poyatos
5ae331eca3a6f40013ac847f;Laurène Poyatos
5ae332e7a3a6f40013ac8512;Laurène Poyatos
5ae3335da3a6f40013ac8541;Laurène Poyatos
5b61d27922e5f50013b6f17a;Laurène Poyatos
5b61d5e422e5f50013b6f30a;Laurène Poyatos
5b92413624e6a3001376c7b4;Laurène Poyatos
5c66cda62d3a66001537f012;Laurène Poyatos
5c9b9f0ed1762c0015187725;Laurène Poyatos
5c9b9f5ed1762c001518772b;Laurène Poyatos
5c66cdfc2d3a66001537f027;Laurène Poyatos
5cc80c3332eaa900153271ac;Laurène Poyatos
580a39a3c872791900761740;Laurène Poyatos
5a82b97531062400137eb5d0;Laurène Poyatos
5aba538b5524f700136f410a;Martin Rollin
5ac5f8c9d8f30f00138b4d74;Martin Rollin
5acf1f6c640872001345ef99;Laurène Poyatos
5ae044ed27f978001330c4bf;Laurène Poyatos
5ae32ff7a3a6f40013ac83ee;Laurène Poyatos
5b30f17fe9dca00013549759;Martin Rollin
5bd9d39df8b66700148d383e;Laurène Poyatos
5bd9d443f8b66700148d3845;Laurène Poyatos
5c3e0ad970550f00157cdd0c;Martin Rollin
5c3e0d460cd6130015fba05c;Martin Rollin
5cc722a69bf17500158e4ae1;Martin Rollin
5cc7230b9bf17500158e4b14;Martin Rollin
5cc728a69bf17500158e4c01;Martin Rollin
5cc729229bf17500158e4c06;Martin Rollin
5cc7299b9bf17500158e4c1c;Martin Rollin
5cecef95375fe5001541cf52;Laurène Poyatos
5cecf7c6375fe5001541d066;Laurène Poyatos
5cecf890375fe5001541d06f;Laurène Poyatos
5ced07aa375fe5001541d4a9;Laurène Poyatos
5ced394e375fe5001541d7d4;Laurène Poyatos
5ced3e422ff6d40015be0465;Laurène Poyatos
5cf0f9f61dd5080015423dc1;Martin Rollin
5cf0fb201dd5080015423dec;Martin Rollin
5df74f55ed47830015b51a7d;Sarah Faid
5d790623be86a90015c5eef9;Laurène Poyatos
5d7907efbe86a90015c5ef6b;Laurène Poyatos
5dadb6cef4a1e400156d32ed;Martin Rollin
5dadb855f4a1e400156d3338;Martin Rollin
5d1921ab80f0860015dedb7e;Laurène Poyatos
5d19245d80f0860015dedb94;Laurène Poyatos
5d192b3280f0860015dedbdd;Laurène Poyatos
5db309dbefb6f40015724c32;Martin Rollin
5e34494c49b8510015ffa7ec;Laurène Poyatos
5e5cef169b824b0015b07889;Laurène Poyatos
5e5cf3c29b824b0015b079da;Laurène Poyatos
5e5cf2329b824b0015b07980;Laurène Poyatos
5e593b3d111c70001572aa65;Laurène Poyatos
5e593c88111c70001572aa99;Laurène Poyatos
5e593db1111c70001572aad8;Laurène Poyatos
5e593673111c70001572a562;Laurène Poyatos
5e593935111c70001572a75f;Laurène Poyatos
5e5937e5111c70001572a5d7;Laurène Poyatos
5e5933e5111c70001572a4b9;Laurène Poyatos
5e3856f5c731170015de33b9;Laurène Poyatos
5e385590c731170015de337d;Laurène Poyatos
5e384967c731170015de317f;Laurène Poyatos
5e385b75c731170015de345e;Laurène Poyatos
5e384519c731170015de309f;Laurène Poyatos
5e3842dbc731170015de3051;Laurène Poyatos
5e3842d6c731170015de3050;Laurène Poyatos
5e38402cc731170015de2ff8;Laurène Poyatos
5e383f14c731170015de2fd0;Laurène Poyatos
5e37e97da14ef500158759f6;Laurène Poyatos
5e37eab1a14ef50015875a4e;Laurène Poyatos
5e37f002a14ef50015875bed;Laurène Poyatos
5e382d36a14ef50015876f7a;Sarah Faid
5e382c12a14ef50015876f5a;Sarah Faid
5e3803d6a14ef500158767cc;Laurène Poyatos
5e38043aa14ef500158767e3;Laurène Poyatos
5e37ffaea14ef500158766ca;Sarah Faid
5e37fe4ca14ef5001587663a;Sarah Faid
5ef20760d980f6003354ec1c;Laurène Poyatos
5f15df16831a3c0003336f12;Laurène Poyatos
5894b90dcffbb01a009d5d66;Laurène Poyatos
5894b83bcffbb01a009d5d42;Laurène Poyatos
5b7302d8bff6bd001395e224;Laurène Poyatos
5b9285b368c5bb0013e3732b;Laurène Poyatos
5b97e2da5f3c630013e8e7c4;Laurène Poyatos
5c34e4755bae7e00152038ea;Laurène Poyatos
5ef9a1afd3230d0033f9ebc1;Marta Vozmediano
5e6f7327da967100158a7e9e;Marta Vozmediano
5ce81b6b105c320015767c71;Marta Vozmediano
5ce82038105c320015767d37;Marta Vozmediano
5dd2646ec20238001580ddda;Marta Vozmediano
5f11c00ce932570003e83b0e;Marta Vozmediano
5eda54e2bee9d80016495126;Marta Vozmediano
5eda6068bee9d80016495468;Marta Vozmediano
5e2ad14c7398b30015aa05fd;Marta Vozmediano
5e1c59f847f7cd0015d1df2d;Marta Vozmediano
5e2abd617398b30015aa027b;Marta Vozmediano
5e1c577447f7cd0015d1decd;Marta Vozmediano
5e1c589247f7cd0015d1def0;Marta Vozmediano
5e2ac0377398b30015aa02ea;Marta Vozmediano
5e2ac3547398b30015aa0351;Marta Vozmediano
5f7ddc3ff5d1a200032ce01f;Marta Vozmediano
5e2ab96d7398b30015aa0200;Marta Vozmediano
5e2abb557398b30015aa023d;Marta Vozmediano
5e6a7e6f22d0fa0015459863;Marta Vozmediano
5cfe149ad635ac0015faae99;Marta Vozmediano
5e6a740f22d0fa001545970a;Marta Vozmediano
5f74400175b1e00003960f6e;Marta Vozmediano
5ccc0edf3214920015369c34;Marta Vozmediano
5cebaf94c34dae001598ca8e;Marta Vozmediano
5ce81e6e105c320015767cf9;Marta Vozmediano
5ce8188b105c320015767bd3;Marta Vozmediano
5ccc0dda32149200153699ca;Marta Vozmediano
5da6c34ae1fc84001509e0c4;Marta Vozmediano
5de83879973deb00159483e2;Marta Vozmediano
5d2c8b2453e3b500155e83d3;Marta Vozmediano
5d970202dbd00600154ea480;Marta Vozmediano
5d9703a4dbd00600154ea4c6;Marta Vozmediano
5de839f6973deb00159483ea;Marta Vozmediano
5ed658b925b4a9001663f00e;Marta Vozmediano
5ed7c30d2af85100160afb7d;Marta Vozmediano
5da6c256e1fc84001509e092;Marta Vozmediano
5e28196102c3600015d24e85;Marta Vozmediano
5e6a7ca522d0fa001545983e;Marta Vozmediano
5e6a7d5722d0fa001545984e;Marta Vozmediano
5e6a7c0022d0fa001545980f;Marta Vozmediano
5dd26b67c20238001580df3d;Marta Vozmediano
5e1c596447f7cd0015d1df10;Marta Vozmediano
5e1c56e047f7cd0015d1de9f;Marta Vozmediano
5e1c439a47f7cd0015d1d582;Marta Vozmediano
5e1c449847f7cd0015d1d680;Marta Vozmediano
5e1c456a47f7cd0015d1d713;Marta Vozmediano
5e1c563747f7cd0015d1de65;Marta Vozmediano
5e1c466d47f7cd0015d1d78f;Marta Vozmediano
5e1c57f247f7cd0015d1dedc;Marta Vozmediano
5e1c472247f7cd0015d1d7ec;Marta Vozmediano
5e2ac20b7398b30015aa033b;Marta Vozmediano
5e2ac6be7398b30015aa03ad;Marta Vozmediano
5e2acb7c7398b30015aa046e;Marta Vozmediano
5e2b24697398b30015aa119d;Marta Vozmediano
5e2b221e7398b30015aa1178;Marta Vozmediano
5e2b25117398b30015aa11a2;Marta Vozmediano
5e2b25d97398b30015aa11ad;Marta Vozmediano
5e2b26787398b30015aa11b1;Marta Vozmediano
5e2b23cb7398b30015aa1199;Marta Vozmediano
5e4c0de2661f4b00159934e4;Marta Vozmediano
5e285f2c6a4bdc00153bd993;Marta Vozmediano
5e2815b402c3600015d24e03;Marta Vozmediano
5e28165902c3600015d24e12;Marta Vozmediano
5e2816e302c3600015d24e24;Marta Vozmediano
5e28176b02c3600015d24e37;Marta Vozmediano
5e2817e702c3600015d24e48;Marta Vozmediano
5e28186602c3600015d24e56;Marta Vozmediano
5e2818d702c3600015d24e65;Marta Vozmediano
5e2aceaa7398b30015aa0569;Marta Vozmediano
5e2ad1d47398b30015aa060d;Marta Vozmediano
5e2acff87398b30015aa05bb;Marta Vozmediano
5e2ad2a37398b30015aa061c;Marta Vozmediano
5e2ad3ae7398b30015aa0643;Marta Vozmediano
5e2acd607398b30015aa0511;Marta Vozmediano
5e2ac5f97398b30015aa03a3;Marta Vozmediano
5e2ac0f67398b30015aa031b;Marta Vozmediano
5e2ac41c7398b30015aa035f;Marta Vozmediano
5e2acc477398b30015aa04ad;Marta Vozmediano
5e2ac98c7398b30015aa0418;Marta Vozmediano
5e2abc617398b30015aa024f;Marta Vozmediano
5e2aba877398b30015aa021a;Marta Vozmediano
5e2ace027398b30015aa0538;Marta Vozmediano
5e2acf797398b30015aa0599;Marta Vozmediano
5e2ad3247398b30015aa0634;Marta Vozmediano
5e6769b91205cb0015413514;Marta Vozmediano
5e676e0b1205cb0015413678;Marta Vozmediano
5eeb2f74971ef50035d11f75;Marta Vozmediano
5f242742eef5b200034078dd;Marta Vozmediano
5f242ba4eef5b20003407a1d;Marta Vozmediano
5ea31c9a5ba9500016621fdc;Marta Vozmediano
5ea3260e5ba9500016622011;Marta Vozmediano
5ea329be5ba9500016622023;Marta Vozmediano
5f230bdca8afe4000315c8b2;Marta Vozmediano
5f230b10a8afe4000315c8a5;Marta Vozmediano
5efc7e202a28cc0033c81936;Marta Vozmediano
5efc954a2a28cc0033c82042;Marta Vozmediano
5efc96612a28cc0033c820c7;Marta Vozmediano
5efc970f2a28cc0033c82119;Marta Vozmediano
5efc983f2a28cc0033c821b6;Marta Vozmediano
5efc98f42a28cc0033c821fe;Marta Vozmediano
5efc9a4a2a28cc0033c822a1;Marta Vozmediano
5f23072da8afe4000315c82c;Marta Vozmediano
5f2d5a86808cbb0003a05ade;Marta Vozmediano
5f2d5b19808cbb0003a05b0c;Marta Vozmediano
5f2d5bc5808cbb0003a05b38;Marta Vozmediano
5f2d5c67808cbb0003a05b55;Marta Vozmediano
5f2d5cf5808cbb0003a05b85;Marta Vozmediano
5eda5807bee9d8001649520e;Marta Vozmediano
5f7dded1f5d1a200032ce0cb;Marta Vozmediano
5912e2737b17081900209b8a;Martin Rollin
58e66ba377164e1a00917ac9;Martin Rollin
5f55feaa6d41280003d8ae7f;Martin Rollin
583c3ff05c2f5519000bba6d;Martin Rollin
5a8eec616d604f0013769096;Martin Rollin
5a8ed8cab91cd40013e483e7;Martin Rollin
5bd6eb3e7e896a00149e72c1;Martin Rollin
5bd6ec047e896a00149e72f0;Martin Rollin
5bd6eab97e896a00149e729f;Martin Rollin
5bd6eb837e896a00149e72cb;Martin Rollin
5afd8a52a562d500138bd8dc;Martin Rollin
5b9b78bfeef1d50013273034;Martin Rollin
5a995d9f638558001383a566;Martin Rollin
583c468e5c2f5519000bba9f;Martin Rollin
583c41115c2f5519000bba77;Martin Rollin
5745bebba5acd11a004cb76c;Martin Rollin
5b509eb5c65bed0013681299;Martin Rollin
5b50a70fc65bed001368167c;Martin Rollin
59c521aa8c1a2b1b00e2c5b9;Martin Rollin
5b9146a876358500139cf692;Martin Rollin
5901f7db1f9be31900fc1a63;Martin Rollin
5901ec9b02ae701900c7c1f6;Martin Rollin
5901eb3102ae701900c7be3e;Martin Rollin
5a4fafdeb5f6fa130024cf44;Martin Rollin
5901e64fb44dd61900017d11;Martin Rollin
5901e876b44dd619000182fe;Martin Rollin
5a4faefab5f6fa130024cece;Martin Rollin
5a4fa6d6b5f6fa130024c225;Martin Rollin
5a4fa4bbb5f6fa130024c120;Martin Rollin
5a4fa0f9b5f6fa130024bf0f;Martin Rollin
5a4faa4ab5f6fa130024cc31;Martin Rollin
5a4fadc3b5f6fa130024ce32;Martin Rollin
5d15f0308674c600151f9dff;Martin Rollin
5f0828ab652d0400033f2ead;Martin Rollin
5f0737616292960003a28bab;Martin Rollin
5f07392a6292960003a28cdb;Martin Rollin
5f082cec652d0400033f2f46;Martin Rollin
5acb254f256499001335fe30;Martin Rollin
5f03410f5f2b2d000314b0b6;Martin Rollin
590c7aad59247319008980f5;Martin Rollin
5c7818bd7e82550015626662;Martin Rollin
5b1aae7ce1a4bc0013c994b9;Martin Rollin
58ad726ae1b38d1a0073cead;Martin Rollin
58ad7452e1b38d1a0073cecf;Martin Rollin
58ad6defe1b38d1a0073cdd3;Martin Rollin
58ad7914e1b38d1a0073d952;Martin Rollin
59df8897e4654211003b42ba;Martin Rollin
5810ab0b27620119008de187;Martin Rollin
5a8eeb336d604f0013768ed8;Martin Rollin
5a8eda3db91cd40013e48731;Martin Rollin
5a8eca9c03f98a0013be8fc9;Martin Rollin
5a8edc06b91cd40013e487e9;Martin Rollin
5a8edae0b91cd40013e48765;Martin Rollin
5a8eed886d604f0013769166;Martin Rollin
5a8eebce6d604f0013768fa8;Martin Rollin
5a8ed9bcb91cd40013e486c7;Martin Rollin
5a8ed6e7b91cd40013e482ec;Martin Rollin
5a2821c9590aaa1300cd1a78;Martin Rollin
5afd8b3ca562d500138bd901;Martin Rollin
5bd6e9957e896a00149e7269;Martin Rollin
59e4e76750b3e41100b7da52;Martin Rollin
593abfcb61b3e91900fcb2bf;Martin Rollin
5f56000d260b6b0003fb3ecd;Martin Rollin
5f560b89260b6b0003fb42da;Martin Rollin
5f560a70260b6b0003fb42b9;Martin Rollin
5f56040e260b6b0003fb3f9d;Martin Rollin
593abddf61b3e91900fcb151;Martin Rollin
59e4e85c50b3e41100b7db3c;Martin Rollin
5f5607d9260b6b0003fb41da;Martin Rollin
5b9b7afaeef1d500132730b2;Martin Rollin
5b9b7bb5eef1d500132730d3;Martin Rollin
5f5602d0260b6b0003fb3f58;Martin Rollin
5f560930260b6b0003fb428f;Martin Rollin
590c7b18592473190089819b;Martin Rollin
5f08347f652d0400033f302c;Martin Rollin
5f083352652d0400033f300a;Martin Rollin
5f0833cd652d0400033f301f;Martin Rollin
5eff493111c30500039ae555;Martin Rollin
5f082a77652d0400033f2ef0;Martin Rollin
5a9955e46385580013839fcc;Martin Rollin
5a995aa9638558001383a431;Martin Rollin
5a9956be638558001383a042;Martin Rollin
5609177770ad25190055d500;Martin Rollin
5609175e70ad25190055d4ff;Martin Rollin
5609178370ad25190055d501;Martin Rollin
583c46225c2f5519000bba95;Martin Rollin
583c42b25c2f5519000bba7b;Martin Rollin
583c43d05c2f5519000bba80;Martin Rollin
583c44ca5c2f5519000bba84;Martin Rollin
583c48ff5c2f5519000bbab3;Martin Rollin
583c452e5c2f5519000bba87;Martin Rollin
583c445d5c2f5519000bba81;Martin Rollin
583c43315c2f5519000bba7e;Martin Rollin
583c41bb5c2f5519000bba7a;Martin Rollin
583c3f585c2f5519000bba6b;Martin Rollin
583c407f5c2f5519000bba73;Martin Rollin
5824902fc15c611a00d53dd3;Martin Rollin
583c45b35c2f5519000bba92;Martin Rollin
5609171770ad25190055d4fc;Martin Rollin
5609174f70ad25190055d4fe;Martin Rollin
5609173770ad25190055d4fd;Martin Rollin
5745bd1da5acd11a004cb767;Martin Rollin
5745ba2ca5acd11a004cb748;Martin Rollin
583c717c6aa18c1900299872;Martin Rollin
583c73146aa18c1900299892;Martin Rollin
58de0ee7d6018e1a004e24fb;Martin Rollin
5c474f73e34a3b0015921027;Martin Rollin
58de107cd6018e1a004e2550;Martin Rollin
5b509443c65bed0013680daf;Martin Rollin
5b50a0ebc65bed00136813ab;Martin Rollin
59e4e30a50b3e41100b7d634;Martin Rollin
59e4e15b50b3e41100b7d3a3;Martin Rollin
5b50af8bc65bed0013681a30;Martin Rollin
59c524058c1a2b1b00e2c7ae;Martin Rollin
59c525908c1a2b1b00e2c981;Martin Rollin
59c526698c1a2b1b00e2ca62;Martin Rollin
5763bbc64b2ce01a006ed35b;Martin Rollin
5791f56738c2fa19007421c3;Martin Rollin
5b45bbb679abc9001360ff2d;Martin Rollin
58107dcabab51f1900259e92;Martin Rollin
5791f30e38c2fa19007421ad;Martin Rollin
58107e6ebab51f1900259ea2;Martin Rollin
58107f24bab51f1900259eb8;Martin Rollin
5b45baf579abc9001360feff;Martin Rollin
5cc86a6e32eaa9001532bdbe;Martin Rollin
5887769e83a2871a002da65a;Martin Rollin
58872b0eec23f91a00fcbd67;Martin Rollin
5887752d83a2871a002da638;Martin Rollin
58872c0eec23f91a00fcbd73;Martin Rollin
58872d3dec23f91a00fcbd87;Martin Rollin
5b912e6cd9afb900135d2117;Martin Rollin
58ad7a63e1b38d1a0073dcb8;Martin Rollin
5f6877aef89e5d00033240d1;Camille Lardeau
5f687537f89e5d0003323f77;Camille Lardeau
5901f4568ef56f19001f76a6;Martin Rollin
5901e97bb44dd6190001861b;Martin Rollin
5a4fae61b5f6fa130024ce79;Martin Rollin
5a4fa80ab5f6fa130024c2af;Martin Rollin
5a4fa5dfb5f6fa130024c195;Martin Rollin
5a4fab18b5f6fa130024ccc5;Martin Rollin
5a4facbfb5f6fa130024cd81;Martin Rollin
5d15ee868674c600151f9d6a;Martin Rollin
5d15f3298674c600151f9ef6;Martin Rollin
5d15f2848674c600151f9eb7;Martin Rollin
5f6dc330504e72000376143a;Martin Rollin
5f2d709b909e190003725f9c;Martin Rollin
5b0436c363cf82001389179c;Martin Rollin
5afd859ba562d500138bd75a;Martin Rollin
5afd869da562d500138bd784;Martin Rollin
5afd84efa562d500138bd74a;Martin Rollin
5afd882fa562d500138bd7bb;Martin Rollin
5afd88a0a562d500138bd7c6;Martin Rollin
5afd87a8a562d500138bd7b2;Martin Rollin
5afd891ea562d500138bd8a0;Martin Rollin
5f083302652d0400033f3003;Martin Rollin
5f07304c6292960003a28787;Martin Rollin
5f074b8f6292960003a294e6;Martin Rollin
5f083632652d0400033f3055;Martin Rollin
5a4bcc6df66427130030342e;Martin Rollin
59afc9fc37e4521b007c31e9;Martin Rollin
59b14602ef5b4f1b00038266;Martin Rollin
59a6de595f1dab1a0012a5c0;Martin Rollin
590837b0c0981219006aea90;Martin Rollin
59316ba75adcf71a00a033c0;Martin Rollin
5db72bfd63194a00156f5430;Martin Rollin
5db71bf063194a00156f51a7;Martin Rollin
58871d14ec23f91a00fcbb7d;Martin Rollin
5db7240363194a00156f530e;Martin Rollin
5db71ed163194a00156f5238;Martin Rollin
5de14b5352d272001585e8a2;Martin Rollin
5acb2e392995780013cf85ff;Martin Rollin
5acb2bd72995780013cf84fd;Martin Rollin
5acb31252995780013cf86c6;Martin Rollin
5acb29cd2995780013cf8436;Martin Rollin
5acb2adc2995780013cf84a1;Martin Rollin
5acb2c902995780013cf8545;Martin Rollin
5acb2a472995780013cf846b;Martin Rollin
5acb2f082995780013cf863e;Martin Rollin
5ac62786eb2d30001360cb71;Martin Rollin
5eff44cc11c30500039ae3dd;Martin Rollin
5ef9dddbd3230d0033f9fedf;Martin Rollin
5ef9dcadd3230d0033f9fe83;Martin Rollin
5e2ad4ed7398b30015aa068a;Martin Rollin
5f082686652d0400033f2e68;Martin Rollin
5f082904652d0400033f2ebb;Martin Rollin
5f082ce5652d0400033f2f45;Martin Rollin
5f0344135f2b2d000314b138;Martin Rollin
5f034e625f2b2d000314b48b;Martin Rollin
5e344ea549b8510015ffa8f0;Martin Rollin
5f033d625f2b2d000314af53;Martin Rollin
5c78196f7e8255001562669a;Martin Rollin
5f4de66ab1fe5a0003ba48ce;Martin Rollin
592c3b0258de681a00a95a0f;Martin Rollin
592c3cc958de681a00a95b1c;Martin Rollin
592c3eb758de681a00a95bbe;Martin Rollin
592c2da658de681a00a95470;Martin Rollin
5b1aae34e1a4bc0013c99499;Martin Rollin
5b1aac65e1a4bc0013c993ff;Martin Rollin
5b1aaad0e1a4bc0013c99382;Martin Rollin
5b1aab54e1a4bc0013c993c2;Martin Rollin
5b1aabece1a4bc0013c993e6;Martin Rollin
590995fbaa96991900c2277b;Martin Rollin
590992e6aa96991900c22736;Martin Rollin
59099777aa96991900c227c3;Martin Rollin
59099818aa96991900c227df;Martin Rollin
58ad5b97e1b38d1a0073caa6;Martin Rollin
58ad6440e1b38d1a0073cc59;Martin Rollin
58ad7392e1b38d1a0073cecc;Martin Rollin
58ad782be1b38d1a0073d6d5;Martin Rollin
56f17a0b2e9e671a00162e72;Martin Rollin
56f179f82e9e671a00162e71;Martin Rollin
5f4e1eba379c18000343cdcb;Martin Rollin
5bc8a8966d0d440014aa40c5;Martin Rollin
5bc8a5526d0d440014aa40a5;Martin Rollin
5810a9c027620119008ddea3;Martin Rollin
5810ad0027620119008de42c;Martin Rollin
5acf2120640872001345f025;Martin Rollin
592848d99ab17c1a0024c489;Martin Rollin
5a4cab83502b701300c9bbdc;Martin Rollin
593032230a83931a004f595b;Martin Rollin
5915d873d8f0041a00a8f638;Martin Rollin
5898b2b02f22a61a00516f64;Martin Rollin
5898bb642f22a61a005171ec;Martin Rollin
58d15a69d02ee01a00b1f6f7;Martin Rollin
58d15c1ed02ee01a00b1f7fb;Martin Rollin
5785f3d640e0dc1a006b24d0;Martin Rollin
589991a27c1d911a004327f8;Martin Rollin
5810b39127620119008de753;Martin Rollin
5b30db2ae9dca00013548a0e;Martin Rollin
59c528198c1a2b1b00e2cc33;Martin Rollin
590b427c33c3b51900b671c0;Martin Rollin
5aa6b0a6836cd80013229769;Martin Rollin
5f4de0aab1fe5a0003ba4878;Martin Rollin
5f6dc5e9504e72000376154f;Martin Rollin
5ba4be3c19a5c60014eb90e3;Martin Rollin
590b441033c3b51900b67291;Martin Rollin
588b2e48d6a8961a00094be0;Martin Rollin
5911bc09fb2da119004b1546;Martin Rollin
5dea88d7ba5f0e0015bd6647;Martin Rollin
5dea87caba5f0e0015bd6614;Martin Rollin
5912e6967b17081900209c49;Martin Rollin
5acf52d164087200134652b8;Martin Rollin
5b97dff65f3c630013e8e671;Martin Rollin
5b97df5f5f3c630013e8e619;Martin Rollin
5b97e05b5f3c630013e8e6a0;Martin Rollin
5a4bcf89f664271300303501;Martin Rollin
5a4bce92f6642713003034b3;Martin Rollin
5912e4937b17081900209be8;Martin Rollin
5ca1d5fa4a7aa10015fc9ecf;Martin Rollin
5d44470c2f64da001529fee7;Martin Rollin
590c800e5924731900898979;Martin Rollin
590c7f505924731900898856;Martin Rollin
5b92a2f868c5bb0013e38116;Martin Rollin
5acf51ea640872001346520b;Martin Rollin
59c522ec8c1a2b1b00e2c6cf;Martin Rollin
5bd6e87f7e896a00149e7213;Martin Rollin
58ad6196e1b38d1a0073cb81;Martin Rollin
58ad65a2e1b38d1a0073cc7e;Martin Rollin
58ad5f5ce1b38d1a0073cb10;Martin Rollin
58ad5448e1b38d1a0073c908;Martin Rollin
58107ce2bab51f1900259e8a;Martin Rollin
58ad5d9ee1b38d1a0073caec;Martin Rollin
590994b1aa96991900c22751;Martin Rollin
58ad62eee1b38d1a0073cbe5;Martin Rollin
58ad559ae1b38d1a0073c94b;Martin Rollin
5b2143209bf9f50013242caa;Martin Rollin
5b43215454ac650013cd8232;Martin Rollin
5b9a37a197f706001329b8b7;Martin Rollin
5b1ab1a3e1a4bc0013c995de;Martin Rollin
5a9954a76385580013839f19;Martin Rollin
5b1aaed5e1a4bc0013c994d6;Martin Rollin
58871e4dec23f91a00fcbbcd;Martin Rollin
5887962f3b74d41a0015c7d7;Martin Rollin
5bc43feb18ea870014439376;Martin Rollin
5ac7793ddbbe7900132c44fc;Martin Rollin
588794e73b74d41a0015c760;Martin Rollin
585abaeacf50e21a00caba86;Martin Rollin
5a8eecf36d604f00137690ef;Martin Rollin
5afd840ca562d500138bd72c;Martin Rollin
5baba52f4b25b30014ad9f06;Martin Rollin
590c86a659247319008993d4;Martin Rollin
590c8a465924731900899957;Martin Rollin
590c8835592473190089965b;Martin Rollin
590c88cf59247319008997ac;Martin Rollin
590c87b959247319008995c2;Martin Rollin
5b0438b563cf820013891828;Martin Rollin
5b0437b763cf8200138917d9;Martin Rollin
5b1aaffde1a4bc0013c9955e;Martin Rollin
5b1aadfae1a4bc0013c99484;Martin Rollin
5b1aacfae1a4bc0013c99430;Martin Rollin
5abe5def96a9bb0013a0d671;Martin Rollin
5abe5eed77ac6c001337fb5c;Martin Rollin
5b9b7947eef1d50013273053;Martin Rollin
5b9b7e4eeef1d50013273174;Martin Rollin
5ae34c89a3a6f40013ac904b;Martin Rollin
5ae34af1a3a6f40013ac8f54;Martin Rollin
5ae34cd8a3a6f40013ac906c;Martin Rollin
5ae34d50a3a6f40013ac9099;Martin Rollin
5ae34c1ca3a6f40013ac8fe6;Martin Rollin
590c89a459247319008998a0;Martin Rollin
5bcf1925f581ee00146bb1d3;Martin Rollin
5901ebf002ae701900c7c071;Martin Rollin
5a4cac45502b701300c9be39;Martin Rollin
5b509cafc65bed00136811e5;Martin Rollin
5bd6ef2b7e896a00149e738d;Martin Rollin
5bd6eed67e896a00149e737f;Martin Rollin
5afd8e0ca562d500138bda59;Martin Rollin
5bd6f0177e896a00149e73a6;Martin Rollin
5bd6edfe7e896a00149e7365;Martin Rollin
5b509f8fc65bed0013681324;Martin Rollin
5bd6f0c97e896a00149e73cb;Martin Rollin
5bd6f16a7e896a00149e73e8;Martin Rollin
5bd6ee617e896a00149e736e;Martin Rollin
5abe5e7677ac6c001337fb36;Martin Rollin
5cadc7a391ec870015c7652e;Martin Rollin
5cadc7ff91ec870015c76600;Martin Rollin
5ca5fcc39b9b6f0015346313;Martin Rollin
5e54e8e350b499001513461d;Martin Rollin
5e54e7a150b49900151345fa;Martin Rollin
5f60db12e265370003fa04b2;Emmanuel Codjia
56fc47f75e42f41a00200f04;Martin Rollin
58871f5fec23f91a00fcbbe7;Martin Rollin
5f0351a65f2b2d000314b529;Martin Rollin
581b39779a66dd1900212dfa;Martin Rollin
58ad5a53e1b38d1a0073ca6d;Martin Rollin
58ad7be4e1b38d1a0073e08c;Martin Rollin
58de0a5b66146e1a00376d53;Martin Rollin
59e4dc9150b3e41100b7cb81;Martin Rollin
59e4e3fd50b3e41100b7d74f;Martin Rollin
5a28218b590aaa1300cd1a53;Martin Rollin
5b21418e9bf9f50013242c08;Martin Rollin
5c338b265e5e76001535c10c;Martin Rollin
5b042e0c63cf820013891430;Martin Rollin
5cb388f3e0b21e0015963d05;Martin Rollin
5cacc0a99c98a2001587bbbb;Martin Rollin
5cacc1259c98a2001587bbc7;Martin Rollin
5cc86bba32eaa9001532bdf9;Martin Rollin
5d1617c88674c600151facb5;Martin Rollin
5d1619ad8674c600151fad0a;Martin Rollin
5d40659bbb6781001572e391;Martin Rollin
5db2a55126a9a3001519bf3d;Martin Rollin
5da825fcd1821a0015eef38b;Martin Rollin
5da99240d76bac0015e5f3c2;Martin Rollin
5da9937ed76bac0015e5f3f0;Martin Rollin
5daf1b8d2589d4001538030d;Martin Rollin
5db01f75038ad000159cd84d;Martin Rollin
5dbae20db35f8f0015e6e88e;Martin Rollin
5dc555a0ad48ed0015eaec04;Martin Rollin
5dcd76a88c209700150ab738;Martin Rollin
5dcd79fe8c209700150ab870;Martin Rollin
5dde5b6bc481f5001537fca5;Martin Rollin
5db71c9963194a00156f51d3;Martin Rollin
5db7212263194a00156f5287;Martin Rollin
5db7260a63194a00156f534d;Martin Rollin
5db72c8f63194a00156f544c;Martin Rollin
5dea866aba5f0e0015bd65d4;Martin Rollin
5e344f6549b8510015ffa906;Martin Rollin
5e3459fd49b8510015ffafda;Martin Rollin
5e345e6f49b8510015ffb0ab;Martin Rollin
5e34a351134c810015eadada;Martin Rollin
5e34a500134c810015eadaef;Martin Rollin
5e34a647134c810015eadb03;Martin Rollin
5e34a7c3134c810015eadb0c;Martin Rollin
5e373139a14ef50015874f5c;Martin Rollin
5e373204a14ef50015874f6a;Martin Rollin
5e37fbdba14ef500158764e9;Martin Rollin
5e384cddc731170015de3209;Martin Rollin
5e384ca1c731170015de3204;Martin Rollin
5e384bd1c731170015de31ee;Martin Rollin
5e384a80c731170015de31b0;Martin Rollin
5e384442c731170015de307b;Martin Rollin
5e383e13c731170015de2fa8;Martin Rollin
5e383cd2c731170015de2f83;Martin Rollin
5e373319a14ef50015874f71;Martin Rollin
5e373397a14ef50015874f79;Martin Rollin
5e3734f3a14ef50015874f86;Martin Rollin
5e37db80a14ef500158756c1;Martin Rollin
5e37dc26a14ef500158756e2;Martin Rollin
5e37f6a0a14ef50015876172;Martin Rollin
5e37f70ca14ef50015876220;Martin Rollin
5e37f7c2a14ef50015876285;Martin Rollin
5e37fafea14ef50015876466;Martin Rollin
5e3828d9a14ef50015876eed;Martin Rollin
5e3800c8a14ef5001587671b;Martin Rollin
5e37fd43a14ef500158765c8;Martin Rollin
5e384de6c731170015de3228;Martin Rollin
5e384f03c731170015de325a;Martin Rollin
5efc60362a28cc0033c8017c;Laurène Poyatos
5efee75911c30500039ac90a;Martin Rollin
5eff45fd11c30500039ae45e;Martin Rollin
5eff49d711c30500039ae58c;Martin Rollin
5eff4f9a11c30500039ae7ff;Martin Rollin
5eff533711c30500039aeae9;Martin Rollin
5f03423c5f2b2d000314b0f8;Martin Rollin
5f034f315f2b2d000314b4aa;Martin Rollin
5f0732cf6292960003a288cd;Martin Rollin
5f0734b96292960003a289a7;Martin Rollin
5f08239c652d0400033f2e00;Martin Rollin
5f08227c652d0400033f2de6;Martin Rollin
5f082efd652d0400033f2f90;Martin Rollin
5f082a16652d0400033f2ee1;Martin Rollin
5f60de10e265370003fa060f;Emmanuel Codjia
5f1af39229fe0f00037a5c98;Martin Rollin
5f1af70c29fe0f00037a5d3d;Martin Rollin
5f1af8af29fe0f00037a5d80;Martin Rollin
5f22dbb0a8afe4000315bf77;Martin Rollin
5f22e60fa8afe4000315c1e4;Martin Rollin
5f2d6db8909e190003725ee7;Martin Rollin
5f2d6f50909e190003725f53;Martin Rollin
5f49027921be6c000365dfe2;Laurène Poyatos
5f4e1c15379c18000343cd68;Martin Rollin
5f4e233a379c18000343ce61;Martin Rollin
5f4de348b1fe5a0003ba4896;Martin Rollin
5f4de1d3b1fe5a0003ba4887;Martin Rollin
5f23d4f9eef5b200034062b6;Martin Rollin
5f23d60beef5b200034062e8;Martin Rollin
5f23dbb9eef5b2000340640d;Martin Rollin
5f6db6b9504e72000376122f;Martin Rollin
5f6db8b8504e720003761277;Martin Rollin
5f6e003a504e720003762641;Martin Rollin
58107b7cbab51f1900259e71;Martin Rollin
5f75ff9d1ebfcf0003977b07;Martin Rollin
5f6dfbe1504e72000376252a;Martin Rollin
5f082b31652d0400033f2f0a;Martin Rollin
5f082dd5652d0400033f2f66;Martin Rollin
5d1da11a14414500157e30ad;Camille Lardeau
5ed7d8ab2af85100160affdf;Marta Vozmediano
5e6a7df722d0fa001545985c;Marta Vozmediano
5ed7d2422af85100160afedd;Marta Vozmediano
5e6a724322d0fa00154596ba;Marta Vozmediano
5e6a74dd22d0fa0015459726;Marta Vozmediano
5e6a78ac22d0fa00154597b5;Marta Vozmediano
5e6a782022d0fa001545979f;Marta Vozmediano
5e345b6449b8510015ffb016;Martin Rollin
5e37ea93a14ef50015875a3e;Sarah Faid
5e38276aa14ef50015876ec0;Laurène Poyatos
5e3825ffa14ef50015876e89;Martin Rollin
5e5f6c060e1c740015b4ffbc;Marta Vozmediano
5ed907a2ccbad5001631fd98;Marta Vozmediano
5ed9312eccbad500163209c3;Marta Vozmediano
5ed93236ccbad500163209e2;Marta Vozmediano
5ed8ef16ccbad5001631f50d;Marta Vozmediano
5ed8ff8dccbad5001631fb4a;Marta Vozmediano
5ed9f769bee9d80016493501;Marta Vozmediano
5ed8ed35ccbad5001631f41f;Marta Vozmediano
5ea3000c5ba9500016621f2f;Marta Vozmediano
5ea323665ba950001662200c;Marta Vozmediano
5ed6630c25b4a9001663f492;Marta Vozmediano
5ed7c4832af85100160afbda;Marta Vozmediano
5ed904e4ccbad5001631fce4;Marta Vozmediano
5ed9fd3ebee9d800164935c8;Marta Vozmediano
5b02cb03a849c10013fe594c;Sarah Faid
58b156800d30781a0097aa36;Sarah Faid
58b157fc0d30781a0097aa44;Sarah Faid
5666d7b0d6c403604b655e48;Sarah Faid
58b150860d30781a0097a96a;Sarah Faid
58b2a29069390b1a00c83f97;Sarah Faid
58b3315f91e5851a00229710;Sarah Faid
58b3307491e5851a002296f6;Sarah Faid
5914616e8706791900e3d39f;Camille Lardeau
591461e38706791900e3d41a;Camille Lardeau
5ca5c4759b9b6f0015341fd7;Camille Lardeau
5ca5c35b9b9b6f0015341fc0;Camille Lardeau
5ca5c19a9b9b6f0015341fab;Camille Lardeau
5911db06fb2da119004b207e;Sarah Faid
5cd976d7ee522d00157f8683;Sarah Faid
5875099c89f3311a00b740f2;Camille Lardeau
587508f489f3311a00b740ef;Camille Lardeau
58da5b677d4c761a00d237a9;Sarah Faid
5915d12ed8f0041a00a8f019;Sarah Faid
5b5b2daa8702840013916e7e;Sarah Faid
5b5b25e48702840013916acf;Sarah Faid
5cb771435b9d130015bc8d75;Sarah Faid
5901f6cc1f9be31900fc1810;Sarah Faid
5ae730d74973240013104f5c;Sarah Faid
5ae733444973240013105059;Sarah Faid
5a0b2f13eccab9130043dd59;Sarah Faid
5cc6b19f146f390015bfddc5;Sarah Faid
5cc6b1fe146f390015bfddce;Sarah Faid
586ccacad3e89b1a00a1f356;Sarah Faid
586ccbc1d3e89b1a00a1f37a;Sarah Faid
586cd447d3e89b1a00a1f472;Sarah Faid
586ccedfd3e89b1a00a1f3e7;Sarah Faid
586ccffad3e89b1a00a1f3fe;Sarah Faid
586ccdffd3e89b1a00a1f3cd;Sarah Faid
586cd822d3e89b1a00a1f4dc;Sarah Faid
586cd699d3e89b1a00a1f4b4;Sarah Faid
5dadaee4f4a1e400156d30d9;Sarah Faid
590c7d4359247319008984b1;Sarah Faid
590c7e095924731900898666;Sarah Faid
590c7e7459247319008986e9;Sarah Faid
590c7c1d592473190089831d;Sarah Faid
5d5e97c331f9d00015d97e93;Sarah Faid
5e6b58511903b700154ebc84;Sarah Faid
59a82a1e88b3b51a00adc32c;Sarah Faid
5ee0a631aac4490016b03ef6;Sarah Faid
59021cd13e25c51900c81053;Sarah Faid
5950c65b7f97471900baf426;Sarah Faid
58b1558d0d30781a0097aa1e;Sarah Faid
58b2a6bf69390b1a00c84091;Sarah Faid
58b2a82469390b1a00c840b2;Sarah Faid
5666d903d6c403604b655e4b;Sarah Faid
5665922cd6c403604b655e45;Sarah Faid
58b2a94669390b1a00c840db;Sarah Faid
5c98a09db231590015d3423a;Sarah Faid
5c989f6ab231590015d34089;Sarah Faid
5c8fa1847b345e0015f8b1c9;Sarah Faid
5c98a1dab231590015d345c4;Sarah Faid
5c8f9f707b345e0015f8b1a0;Sarah Faid
5a82b0a931062400137e9166;Camille Lardeau
58170408ac48541900cf0a25;Sarah Faid
57dbc53ba0c73f19007d2f89;Sarah Faid
58170686ac48541900cf0a40;Sarah Faid
581704faac48541900cf0a2d;Sarah Faid
5ca5c5599b9b6f0015341fdd;Camille Lardeau
5dbb06537034f300152e8b25;Sarah Faid
5dbafdf9b35f8f0015e6ebd7;Sarah Faid
5dbb09ec7034f300152e8c28;Sarah Faid
5dbb01a5b35f8f0015e6ec3d;Sarah Faid
5dbb039e7034f300152e8aca;Sarah Faid
5dbaffcdb35f8f0015e6ec09;Sarah Faid
5ce82201105c320015767e07;Sarah Faid
5c66ceba2d3a66001537f056;Sarah Faid
5ed0c9c60c8e6900161832e9;Camille Lardeau
58d16066d02ee01a00b1fa89;Camille Lardeau
588a38a56f47f21a00dd5bae;Sarah Faid
5b7533f3550942001308aaaf;Camille Lardeau
5911da79fb2da119004b2041;Sarah Faid
5c66d37a2d3a66001537f1dd;Sarah Faid
5d1602eb8674c600151fa66a;Sarah Faid
5a5dbf23f4609513002ae1ae;Sarah Faid
5a5dbc56f4609513002ae09d;Sarah Faid
5a55ec0cda3aa2130071a10a;Sarah Faid
5919c1ddf06c541a00f81dbb;Sarah Faid
5919c2c2f06c541a00f81e11;Sarah Faid
5919c230f06c541a00f81dea;Sarah Faid
59b14490ef5b4f1b000380b7;Sarah Faid
5919c305f06c541a00f81e1b;Sarah Faid
587509db89f3311a00b740f8;Camille Lardeau
59564ec47f711c1a00660cb7;Sarah Faid
59564d477f711c1a006608cd;Sarah Faid
59564b347f711c1a0066053c;Sarah Faid
59564dd37f711c1a00660979;Sarah Faid
59564c167f711c1a006606ba;Sarah Faid
57f3b5854566381900623c7d;Sarah Faid
57f3b8454566381900623c92;Sarah Faid
57f3b8f04566381900623c9c;Sarah Faid
57f3b7594566381900623c8b;Sarah Faid
57f3b7e54566381900623c91;Sarah Faid
5ae3396aa3a6f40013ac8886;Sarah Faid
58da46236a2ec51a00c10ab0;Sarah Faid
5ced56102ff6d40015be39b5;Sarah Faid
5ced56a92ff6d40015be39e3;Sarah Faid
594bcb7ad765211900013309;Sarah Faid
5915d216d8f0041a00a8f0fb;Sarah Faid
5915d1abd8f0041a00a8f0ab;Sarah Faid
5b3a11ab0d43f50013b52094;Sarah Faid
5a79c20753616c001348f391;Sarah Faid
5a79bb8d53616c001348f106;Sarah Faid
5a79c06053616c001348f166;Sarah Faid
5b589fcd58563600132984cb;Sarah Faid
5b5b2e3b8702840013916eb6;Sarah Faid
5c338a5f5e5e76001535c0fa;Sarah Faid
590b3b3e33c3b51900b66e0f;Sarah Faid
5ae7317d4973240013104f99;Sarah Faid
5ae72f644973240013104ed6;Sarah Faid
5ae72ee44973240013104eac;Sarah Faid
5ae731da4973240013104fc7;Sarah Faid
5ae72e464973240013104e7a;Sarah Faid
5ae733d3497324001310507e;Sarah Faid
5ae7348549732400131050b7;Sarah Faid
5ae7352949732400131050ed;Sarah Faid
5cc6b62b146f390015bfde3a;Sarah Faid
5a0b2d40eccab9130043dbe8;Sarah Faid
586cc8cdd3e89b1a00a1f30a;Sarah Faid
586ccccad3e89b1a00a1f3ad;Sarah Faid
586cc9d2d3e89b1a00a1f327;Sarah Faid
586cc5d4d3e89b1a00a1f25e;Sarah Faid
586cd235d3e89b1a00a1f449;Sarah Faid
586cd0f3d3e89b1a00a1f418;Sarah Faid
586cd951d3e89b1a00a1f4ff;Sarah Faid
586cd548d3e89b1a00a1f481;Sarah Faid
5dadad59f4a1e400156d307e;Sarah Faid
5dadb073f4a1e400156d313d;Sarah Faid
5dadac53f4a1e400156d3047;Sarah Faid
5dadaacef4a1e400156d2fe6;Sarah Faid
5cc6b4da146f390015bfde19;Sarah Faid
5cc6b534146f390015bfde28;Sarah Faid
5d5e96e331f9d00015d97e6b;Sarah Faid
5f4def05b1fe5a0003ba4961;Sarah Faid
59f1f73125372212009e7afa;Sarah Faid
5ee0a15baac4490016b03cfc;Sarah Faid
5902f6fb2e8d8e1900c70370;Sarah Faid
59021b0c3ae25e19005a4a46;Sarah Faid
59021bf33ae25e19005a4c4f;Sarah Faid
59021a823ae25e19005a490e;Sarah Faid
59021c7d3ae25e19005a4dba;Sarah Faid
5902f5cd2e8d8e1900c70111;Sarah Faid
5a55cdbdda3aa21300716d9a;Sarah Faid
574eb29a54a5851a00970850;Sarah Faid
59bbed333ac5ee1b00ad82af;Sarah Faid
584678e9bd90ec1a00f8dc54;Sarah Faid
58467a6abd90ec1a00f8dc5a;Sarah Faid
5cf4e43489aae6001596979e;Sarah Faid
5cf4cec789aae60015969573;Sarah Faid
5a96cbc081ddf200131b75f5;Sarah Faid
5a983c86eac3520013b3d1fd;Sarah Faid
5950c5617f97471900baf364;Sarah Faid
5950c4367f97471900baf269;Sarah Faid
5723d5b2897c581a000ae7e3;Sarah Faid
5911bdc1fb2da119004b15d1;Sarah Faid
5912e0287b17081900209b4a;Sarah Faid
5bb334cbc4221500145d69cf;Sarah Faid
5b02cf06a849c10013fe5aba;Sarah Faid
5b02d081a849c10013fe5b65;Sarah Faid
5b02cbc9a849c10013fe5978;Sarah Faid
5b45ced479abc900136107fa;Camille Lardeau
5acdc531e23ab60013ba9cc4;Sarah Faid
58b2ab3369390b1a00c8410c;Sarah Faid
5915aa8ad8f0041a00a8ca8a;Sarah Faid
5ca3592257a310001599c095;Sarah Faid
5911bec8fb2da119004b1662;Camille Lardeau
587e5095b654761a00d5cd17;Sarah Faid
5723d39e897c581a000ae7e2;Sarah Faid
5c9e62bbaab8de00157292ce;Sarah Faid
5c9e61b4aab8de00157292a1;Sarah Faid
5cb38619e0b21e0015963c88;Sarah Faid
5911bf5efb2da119004b16ae;Camille Lardeau
5d8e0716f226ab0015e9f600;Sarah Faid
5d8dfcaaf226ab0015e9f1a0;Sarah Faid
59e8bd68721a391c009abd83;Sarah Faid
5b44c2870ff68900132499fb;Camille Lardeau
58b337d591e5851a002297e0;Sarah Faid
585ce4ffa993691a00f9e6a5;Sarah Faid
585ce672a993691a00f9e6cb;Sarah Faid
5bc46c7018ea87001443cb3d;Sarah Faid
5915ab56d8f0041a00a8ccf9;Sarah Faid
5812285000e033190059512f;Sarah Faid
5e159f78a41cc500152604ff;Sarah Faid
5b45c3cc79abc900136101a4;Camille Lardeau
5bcf479947260900146b99fc;Sarah Faid
58ee97cf619c051a00722d5f;Sarah Faid
5ca3597a57a310001599c0a6;Sarah Faid
5d8e0bedf226ab0015e9f702;Sarah Faid
5e15a4afa41cc50015260607;Sarah Faid
5b3b94599cded70013ed6419;Sarah Faid
58b2aa5269390b1a00c840f6;Sarah Faid
5a829d9d31062400137e8b31;Sarah Faid
5dce6e378c209700150ad015;Sarah Faid
587e4ae3c558d31a0019beb2;Sarah Faid
58b33f1a91e5851a002298d5;Sarah Faid
5c0f7cb1ffcfcb0014175175;Sarah Faid
5c0f7d25ffcfcb001417519d;Sarah Faid
5d8e0538f226ab0015e9f51c;Sarah Faid
5d8e0354f226ab0015e9f4a8;Sarah Faid
58fdf63dc4843c1a004441b7;Sarah Faid
5b44bbf30ff6890013248d40;Camille Lardeau
5b02cbd9a849c10013fe597a;Sarah Faid
5a01c5ffa22b025f009374c2;Sarah Faid
5901b77d76dd721900b868de;Sarah Faid
5a829fe331062400137e8bf4;Sarah Faid
58da43f06a2ec51a00c106d6;Sarah Faid
5bc4831518ea87001443d704;Sarah Faid
5a5dc211f4609513002ae312;Sarah Faid
5a703c4b94b21f0013ccbed4;Sarah Faid
5bcf466d47260900146b99de;Sarah Faid
5bcf49c947260900146b9a6f;Sarah Faid
5c0aaa4416b0ad0014a8c987;Sarah Faid
574c396268c28e1a0099ab74;Sarah Faid
574eb3b854a5851a00970851;Sarah Faid
5b45c85479abc9001361039a;Camille Lardeau
5b45cd5479abc90013610513;Camille Lardeau
5a81bca0fa2cc90013b06b89;Sarah Faid
5baba8ce0d3b0700149cc68c;Sarah Faid
59b14a09ef5b4f1b00038613;Sarah Faid
5b1938d01caae20013f47b62;Sarah Faid
5b19394d1caae20013f47ccf;Sarah Faid
586cd18bd3e89b1a00a1f434;Sarah Faid
5970bf52354bc31a00003083;Sarah Faid
5a8d7e61ec7c8b0013cd576c;Sarah Faid
5b339f46ea181500137cd58c;Sarah Faid
5b193a0d1caae20013f47d8d;Sarah Faid
5b193a931caae20013f47dc1;Sarah Faid
5b1938b41caae20013f47b2a;Sarah Faid
59afc90f37e4521b007c319b;Sarah Faid
59b1460eef5b4f1b00038275;Sarah Faid
59b148cfef5b4f1b000384e6;Sarah Faid
59e48ef3c75fcb1100e85c1a;Sarah Faid
5a33dcf4c3543b1300007517;Sarah Faid
5b16badf14f61e001316b72c;Sarah Faid
5a8edac4b91cd40013e48758;Sarah Faid
5b33a328ea181500137cd813;Sarah Faid
593806a5dc2eff1900e2f132;Sarah Faid
5cfa33f041930e0015ef2ca9;Sarah Faid
5b1934441caae20013f4789c;Sarah Faid
5b19373f1caae20013f47a44;Sarah Faid
5b33a3f3ea181500137cd8a1;Sarah Faid
5bd082a4997a9400144f12ca;Sarah Faid
5bd08445997a9400144f1335;Sarah Faid
5bd0839f997a9400144f1307;Sarah Faid
5b39f4790d43f50013b4bb57;Sarah Faid
5bd07a82997a9400144f11bb;Sarah Faid
58b338de91e5851a002297ea;Sarah Faid
5b602c12565f3c0013dcdfd4;Sarah Faid
5a829e9431062400137e8b77;Sarah Faid
5b44c17b0ff689001324980d;Camille Lardeau
5b45c52e79abc90013610205;Camille Lardeau
5b45cf5f79abc90013610b82;Camille Lardeau
5b45c41279abc900136101c0;Camille Lardeau
5b6477223e983600139bc3b3;Camille Lardeau
5b45c98779abc900136103ef;Camille Lardeau
5a82b19731062400137e9723;Camille Lardeau
5c0f7befffcfcb0014175170;Sarah Faid
5ae724814973240013104abb;Sarah Faid
5af064087cbd810013508b08;Sarah Faid
5aec7413af77c500131fa367;Sarah Faid
588b2e8ed6a8961a00094be1;Sarah Faid
5bb1f5d9a335cd0014fd8020;Sarah Faid
5bb334cbc4221500145d69ce;Sarah Faid
5915aaf4d8f0041a00a8cbbd;Sarah Faid
586cd39fd3e89b1a00a1f457;Sarah Faid
59131d168176af1900eea688;Camille Lardeau
5a79bea053616c001348f144;Sarah Faid
5baba9fb0d3b0700149cc6ba;Sarah Faid
5c0e4e573ce3a100149dead8;Sarah Faid
5c0e632f3ce3a100149dfa21;Sarah Faid
5c0e63ad3ce3a100149dfa2f;Sarah Faid
5c0e64843ce3a100149dfa64;Sarah Faid
5c6e94dd73c7630015e0b7cb;Sarah Faid
57c7ebc5ac9124190007835c;Sarah Faid
5804f17fcd6e011900c80cc5;Sarah Faid
5804f21fcd6e011900c80cd3;Sarah Faid
58da5cf87d4c761a00d239b7;Sarah Faid
5c34d8325bae7e00152036e7;Sarah Faid
5b45c69579abc9001361031b;Camille Lardeau
5bb38289f2bbc900148a29b6;Camille Lardeau
5cb76dd35b9d130015bc8d0f;Sarah Faid
5cb76efc5b9d130015bc8d33;Sarah Faid
5cb7727e5b9d130015bc8d98;Sarah Faid
5c989fb5b231590015d34097;Sarah Faid
5c98a0e8b231590015d34317;Sarah Faid
5c9e6238aab8de00157292aa;Sarah Faid
5c98a3b4b231590015d34af5;Sarah Faid
5c98a365b231590015d34a3f;Sarah Faid
5c98a303b231590015d3494c;Sarah Faid
5c98a27bb231590015d34782;Sarah Faid
5ca5c6719b9b6f0015342038;Camille Lardeau
5ca5c7969b9b6f001534205d;Camille Lardeau
5c8fa0497b345e0015f8b1b7;Sarah Faid
5cfa346841930e0015ef2cc8;Sarah Faid
5cc6b6b6146f390015bfde5a;Sarah Faid
5cc6b748146f390015bfde76;Sarah Faid
5cc6b79f146f390015bfde79;Sarah Faid
5cc6b824146f390015bfdee3;Sarah Faid
5cc6b873146f390015bfdeec;Sarah Faid
5cc6b924146f390015bfdefb;Sarah Faid
5cc6bbbc146f390015bfdf8b;Sarah Faid
5cc6bc29146f390015bfdf9c;Sarah Faid
5ced57662ff6d40015be3a8c;Sarah Faid
5ced59162ff6d40015be3afa;Sarah Faid
5ced5a442ff6d40015be3be5;Sarah Faid
5ced5f2d2ff6d40015be3dce;Sarah Faid
5ced60152ff6d40015be3e12;Sarah Faid
5cf92b0ea41af300157b5a33;Sarah Faid
5cf92d4ba41af300157b5aa7;Sarah Faid
5cf4e4bd89aae600159697a6;Sarah Faid
5d3805e16cf4d30015411af2;Sarah Faid
5d39fbb074201600157fc7ba;Camille Lardeau
5d77c8d40512b1001529dd52;Sarah Faid
5ced5c142ff6d40015be3c7e;Sarah Faid
5d5e995931f9d00015d97edc;Sarah Faid
5d5e99d231f9d00015d97ef5;Sarah Faid
5d5e9b3731f9d00015d97f3f;Sarah Faid
5d5e9bce31f9d00015d97f4e;Sarah Faid
5db9a061f613cc0015455e27;Sarah Faid
5dce66308c209700150acea7;Sarah Faid
5e15a17fa41cc5001526053b;Sarah Faid
5e15ada3a41cc500152608b7;Sarah Faid
5e15b05ba41cc5001526096d;Sarah Faid
5e3c790e6505f90015e0d247;Sarah Faid
5e3c7b4d6505f90015e0d268;Sarah Faid
5e3c7d066505f90015e0d27a;Sarah Faid
5e426b4b28a89d0015a11b8b;Sarah Faid
5dbafec8b35f8f0015e6ebe5;Sarah Faid
5dbb0071b35f8f0015e6ec18;Sarah Faid
5dbb0270b35f8f0015e6ec4e;Sarah Faid
5dbb046c7034f300152e8ad6;Sarah Faid
5dbb06e87034f300152e8b2c;Sarah Faid
5dbb07e67034f300152e8bdb;Sarah Faid
5e15a933a41cc5001526079b;Sarah Faid
5e34642f49b8510015ffb1c7;Sarah Faid
5e385ce2c731170015de3486;Sarah Faid
5e3850dbc731170015de32a7;Sarah Faid
5e384fd9c731170015de327d;Sarah Faid
5e384ef0c731170015de3254;Sarah Faid
5e384b8dc731170015de31e3;Sarah Faid
5e384b8ac731170015de31e2;Sarah Faid
5e38477bc731170015de310b;Sarah Faid
5e384777c731170015de3109;Sarah Faid
5e384603c731170015de30b8;Sarah Faid
5e384594c731170015de30ae;Sarah Faid
5e384591c731170015de30ad;Sarah Faid
5e384163c731170015de3026;Sarah Faid
5e384121c731170015de301a;Sarah Faid
5e38352aa14ef50015877112;Sarah Faid
5e3832d4a14ef5001587709b;Sarah Faid
5e3832d0a14ef5001587709a;Sarah Faid
5e3830eca14ef50015877044;Sarah Faid
5e38307ea14ef50015877031;Sarah Faid
5e37e7a7a14ef500158758f8;Sarah Faid
5e37e85fa14ef50015875914;Sarah Faid
5e37ec31a14ef50015875ae1;Camille Lardeau
5e37edd6a14ef50015875b5e;Sarah Faid
5e37edeaa14ef50015875b63;Camille Lardeau
5e37ee9aa14ef50015875b8d;Camille Lardeau
5e381fd1a14ef50015876d6e;Sarah Faid
5e381eb3a14ef50015876d36;Sarah Faid
5e381c26a14ef50015876cad;Sarah Faid
5e381b53a14ef50015876c7b;Sarah Faid
5e3807f1a14ef5001587690a;Sarah Faid
5e380707a14ef500158768eb;Sarah Faid
5e3805c1a14ef5001587684e;Sarah Faid
5e380356a14ef500158767b7;Sarah Faid
5e380288a14ef5001587678f;Sarah Faid
5e3800cba14ef5001587671d;Sarah Faid
5e37ff79a14ef500158766b9;Sarah Faid
5e6b5ba61903b700154ebd5a;Sarah Faid
5e6b60621903b700154ebe70;Sarah Faid
5ee0a4b0aac4490016b03ec7;Sarah Faid
5ee0a972aac4490016b03f8a;Sarah Faid
5ee0a9cbaac4490016b03f9e;Sarah Faid
5eecaababd454e0033a02abb;Sarah Faid
5f3d3d5466f64a00037c4dc6;Sarah Faid
5f7480c1954fc8000354c33e;Sarah Faid
