Garage Id;Nom actuel;Nouveau nom;;Adresse postale;cp;Code postal;Ville;Langue;Miroir;Etabl. de rattachement;Date démarrage abonnement;SETUP;Date de paiement;Prix;MAINTENANCE;Date;Prix;VÉHICULE NEUF;Date;Prix;VÉHICULE D'OCCASION;Date;Prix;CONTRÔLE TECHNIQUE;Date;Prix;PROJET D'ACHAT;Date;Prix;ANALYTICS;Date;Prix;E-RÉPUTATION;Date;Prix;AUTOMATION;Date;Inclus;Prix;Prix unitaire;X-LEADS;Date;Inclus;Prix;Prix Unitaire;Prix mobile par minutes;COACHING;Date;Prix;CONNECT;Date;Prix;UTILISATEURS;Inclus;Prix unitaire;CONTACTS;Facturation par tranche de 100;Prix unitaire;Inclus;Marques certificats;Performance Manager;Business Dev;Tags
5dbafd97b35f8f0015e6ebce;(AutoSécurité) D.l.h. - Caluire;[Inactif] (AutoSécurité) D.l.h. - Caluire;;Rue de Larmor;56270;Ploemeur;Français (France);Non;Non renseigné;11/03/2021;Non;Non renseigné;Non renseigné;Non;Non renseigné;Non renseigné;Non;Non renseigné;Non renseigné;Non;Non renseigné;Non renseigné;Oui;Non renseigné;9,44;Oui;Non renseigné;0;Non;Non renseigné;Non renseigné;Non;Non renseigné;Non renseigné;Non;Non renseigné;Non renseigné;Non renseigné;Non renseigné;Non;Non renseigné;Non renseigné;Non renseigné;Non renseigné;Non renseigné;Non;Non renseigné;Non renseigné;Non;Non renseigné;Non renseigné;Oui;1;0;Oui;Non;0;0;Sécuritest;Invalide;oguillemot@custeed.com;Non renseigné
604fc0dfa0a0310003bdb63a;(AutoSécurité) Sarl Sud Controle Auto - Marseille;[Inactif] (AutoSécurité) Sarl Sud Controle Auto - Marseille;;121 Boulevard de Verdun;92400;Courbevoie;Français (France);Non;Non renseigné;11/03/2021;Non;Non renseigné;Non renseigné;Non;Non renseigné;Non renseigné;Non;Non renseigné;Non renseigné;Non;Non renseigné;Non renseigné;Oui;Non renseigné;9,44;Oui;Non renseigné;0;Non;Non renseigné;Non renseigné;Non;Non renseigné;Non renseigné;Non;Non renseigné;Non renseigné;Non renseigné;Non renseigné;Non;Non renseigné;Non renseigné;Non renseigné;Non renseigné;Non renseigné;Non;Non renseigné;Non renseigné;Non;Non renseigné;Non renseigné;Oui;1;0;Oui;Non;0;0;Sécuritest;Invalide;oguillemot@custeed.com;Non renseigné
604fc0dfa0a0310003bdb6ac;(AutoSécurité) Auto Controle Du Pays Bigouden - Pont L`abbe;[Inactif] (AutoSécurité) Auto Controle Du Pays Bigouden - Pont L`abbe;;rn 19 Avenue de Boissy;94380;Bonneuil-sur-Marne;Français (France);Non;Non renseigné;11/03/2021;Non;Non renseigné;Non renseigné;Non;Non renseigné;Non renseigné;Non;Non renseigné;Non renseigné;Non;Non renseigné;Non renseigné;Oui;Non renseigné;9,44;Oui;Non renseigné;0;Non;Non renseigné;Non renseigné;Non;Non renseigné;Non renseigné;Non;Non renseigné;Non renseigné;Non renseigné;Non renseigné;Non;Non renseigné;Non renseigné;Non renseigné;Non renseigné;Non renseigné;Non;Non renseigné;Non renseigné;Non;Non renseigné;Non renseigné;Oui;1;0;Oui;Non;0;0;Sécuritest;Invalide;oguillemot@custeed.com;Non renseigné
604fc0dfa0a0310003bdb6af;(AutoSécurité) Auto Controle Jarlot - Saint Pol De Leon;[Inactif] (AutoSécurité) Auto Controle Jarlot - Saint Pol De Leon;;Rue Des Champs ZI De La Haie Des Champs RN19;94470;Boissy-Saint-Léger;Français (France);Non;Non renseigné;11/03/2021;Non;Non renseigné;Non renseigné;Non;Non renseigné;Non renseigné;Non;Non renseigné;Non renseigné;Non;Non renseigné;Non renseigné;Oui;Non renseigné;9,44;Oui;Non renseigné;0;Non;Non renseigné;Non renseigné;Non;Non renseigné;Non renseigné;Non;Non renseigné;Non renseigné;Non renseigné;Non renseigné;Non;Non renseigné;Non renseigné;Non renseigné;Non renseigné;Non renseigné;Non;Non renseigné;Non renseigné;Non;Non renseigné;Non renseigné;Oui;1;0;Oui;Non;0;0;AutoSécurité;Invalide;oguillemot@custeed.com;Non renseigné
604fc0dfa0a0310003bdb6b0;(AutoSécurité) Auto Controle Jarlot - Cleder;[Inactif] (AutoSécurité) Auto Controle Jarlot - Cleder;;39 Avenue de la République;94300;Vincennes;Français (France);Non;Non renseigné;11/03/2021;Non;Non renseigné;Non renseigné;Non;Non renseigné;Non renseigné;Non;Non renseigné;Non renseigné;Non;Non renseigné;Non renseigné;Oui;Non renseigné;9,44;Oui;Non renseigné;0;Non;Non renseigné;Non renseigné;Non;Non renseigné;Non renseigné;Non;Non renseigné;Non renseigné;Non renseigné;Non renseigné;Non;Non renseigné;Non renseigné;Non renseigné;Non renseigné;Non renseigné;Non;Non renseigné;Non renseigné;Non;Non renseigné;Non renseigné;Oui;1;0;Oui;Non;0;0;Sécuritest;Invalide;oguillemot@custeed.com;Non renseigné
604fc0dfa0a0310003bdb6b1;(AutoSécurité) Auto Controle Ronan Pensec - Douarnenez;[Inactif] (AutoSécurité) Auto Controle Ronan Pensec - Douarnenez;;142 Rue du Général Leclerc;94000;Créteil;Français (France);Non;Non renseigné;11/03/2021;Non;Non renseigné;Non renseigné;Non;Non renseigné;Non renseigné;Non;Non renseigné;Non renseigné;Non;Non renseigné;Non renseigné;Oui;Non renseigné;9,44;Oui;Non renseigné;0;Non;Non renseigné;Non renseigné;Non;Non renseigné;Non renseigné;Non;Non renseigné;Non renseigné;Non renseigné;Non renseigné;Non;Non renseigné;Non renseigné;Non renseigné;Non renseigné;Non renseigné;Non;Non renseigné;Non renseigné;Non;Non renseigné;Non renseigné;Oui;1;0;Oui;Non;0;0;AutoSécurité;Invalide;oguillemot@custeed.com;Non renseigné
604fc0dfa0a0310003bdb6b2;(AutoSécurité) Auto Controle Ronan Pensec - Esquibien;[Inactif] (AutoSécurité) Auto Controle Ronan Pensec - Esquibien;;Rue Jean Monnet;95350;Saint-Brice-sous-Forêt;Français (France);Non;Non renseigné;11/03/2021;Non;Non renseigné;Non renseigné;Non;Non renseigné;Non renseigné;Non;Non renseigné;Non renseigné;Non;Non renseigné;Non renseigné;Oui;Non renseigné;9,44;Oui;Non renseigné;0;Non;Non renseigné;Non renseigné;Non;Non renseigné;Non renseigné;Non;Non renseigné;Non renseigné;Non renseigné;Non renseigné;Non;Non renseigné;Non renseigné;Non renseigné;Non renseigné;Non renseigné;Non;Non renseigné;Non renseigné;Non;Non renseigné;Non renseigné;Oui;1;0;Oui;Non;0;0;Sécuritest;Invalide;oguillemot@custeed.com;Non renseigné
604fc0dfa0a0310003bdb6b6;(AutoSécurité) Auto Controle Technique Bel Air - Landerneau;[Inactif] (AutoSécurité) Auto Controle Technique Bel Air - Landerneau;;168 rue d`arnage la pointe;72000;Le Mans;Français (France);Non;Non renseigné;11/03/2021;Non;Non renseigné;Non renseigné;Non;Non renseigné;Non renseigné;Non;Non renseigné;Non renseigné;Non;Non renseigné;Non renseigné;Oui;Non renseigné;9,44;Oui;Non renseigné;0;Non;Non renseigné;Non renseigné;Non;Non renseigné;Non renseigné;Non;Non renseigné;Non renseigné;Non renseigné;Non renseigné;Non;Non renseigné;Non renseigné;Non renseigné;Non renseigné;Non renseigné;Non;Non renseigné;Non renseigné;Non;Non renseigné;Non renseigné;Oui;1;0;Oui;Non;0;0;Sécuritest;Invalide;oguillemot@custeed.com;Non renseigné
604fc0dfa0a0310003bdb6b9;(AutoSécurité) Controle Automobile De Plomeur - Plomeur;[Inactif] (AutoSécurité) Controle Automobile De Plomeur - Plomeur;;Route d'Alençon Beauregard;72000;Le Mans;Français (France);Non;Non renseigné;11/03/2021;Non;Non renseigné;Non renseigné;Non;Non renseigné;Non renseigné;Non;Non renseigné;Non renseigné;Non;Non renseigné;Non renseigné;Oui;Non renseigné;9,44;Oui;Non renseigné;0;Non;Non renseigné;Non renseigné;Non;Non renseigné;Non renseigné;Non;Non renseigné;Non renseigné;Non renseigné;Non renseigné;Non;Non renseigné;Non renseigné;Non renseigné;Non renseigné;Non renseigné;Non;Non renseigné;Non renseigné;Non;Non renseigné;Non renseigné;Oui;1;0;Oui;Non;0;0;Sécuritest;Invalide;oguillemot@custeed.com;Non renseigné
604fc0dfa0a0310003bdb6ba;(AutoSécurité) Auto Controle Ronan Pensec - Douarnenez;[Inactif] (AutoSécurité) Auto Controle Ronan Pensec - Douarnenez;;Avenue des Frères Renault;72650;La Chapelle-Saint-Aubin;Français (France);Non;Non renseigné;11/03/2021;Non;Non renseigné;Non renseigné;Non;Non renseigné;Non renseigné;Non;Non renseigné;Non renseigné;Non;Non renseigné;Non renseigné;Oui;Non renseigné;9,44;Oui;Non renseigné;0;Non;Non renseigné;Non renseigné;Non;Non renseigné;Non renseigné;Non;Non renseigné;Non renseigné;Non renseigné;Non renseigné;Non;Non renseigné;Non renseigné;Non renseigné;Non renseigné;Non renseigné;Non;Non renseigné;Non renseigné;Non;Non renseigné;Non renseigné;Oui;1;0;Oui;Non;0;0;Sécuritest;Invalide;oguillemot@custeed.com;Non renseigné
604fc0dfa0a0310003bdb6bc;(AutoSécurité) Auto Controle Jarlot - Morlaix;[Inactif] (AutoSécurité) Auto Controle Jarlot - Morlaix;;411 Rue de Sablé;72700;Allonnes;Français (France);Non;Non renseigné;11/03/2021;Non;Non renseigné;Non renseigné;Non;Non renseigné;Non renseigné;Non;Non renseigné;Non renseigné;Non;Non renseigné;Non renseigné;Oui;Non renseigné;9,44;Oui;Non renseigné;0;Non;Non renseigné;Non renseigné;Non;Non renseigné;Non renseigné;Non;Non renseigné;Non renseigné;Non renseigné;Non renseigné;Non;Non renseigné;Non renseigné;Non renseigné;Non renseigné;Non renseigné;Non;Non renseigné;Non renseigné;Non;Non renseigné;Non renseigné;Oui;1;0;Oui;Non;0;0;Sécuritest;Invalide;oguillemot@custeed.com;Non renseigné
604fc0dfa0a0310003bdb6bd;(AutoSécurité) Auto Controle Ronan Pensec - Plouhinec;[Inactif] (AutoSécurité) Auto Controle Ronan Pensec - Plouhinec;;90 Rue De Bonnetable;72000;Le Mans;Français (France);Non;Non renseigné;11/03/2021;Non;Non renseigné;Non renseigné;Non;Non renseigné;Non renseigné;Non;Non renseigné;Non renseigné;Non;Non renseigné;Non renseigné;Oui;Non renseigné;9,44;Oui;Non renseigné;0;Non;Non renseigné;Non renseigné;Non;Non renseigné;Non renseigné;Non;Non renseigné;Non renseigné;Non renseigné;Non renseigné;Non;Non renseigné;Non renseigné;Non renseigné;Non renseigné;Non renseigné;Non;Non renseigné;Non renseigné;Non;Non renseigné;Non renseigné;Oui;1;0;Oui;Non;0;0;Sécuritest;Invalide;oguillemot@custeed.com;Non renseigné
604fc0dfa0a0310003bdb6be;(AutoSécurité) Auto Controle De L 'Aulne - Pleyben;[Inactif] (AutoSécurité) Auto Controle De L 'Aulne - Pleyben;;181 Avenue Félix Geneslay;72100;Le Mans;Français (France);Non;Non renseigné;11/03/2021;Non;Non renseigné;Non renseigné;Non;Non renseigné;Non renseigné;Non;Non renseigné;Non renseigné;Non;Non renseigné;Non renseigné;Oui;Non renseigné;9,44;Oui;Non renseigné;0;Non;Non renseigné;Non renseigné;Non;Non renseigné;Non renseigné;Non;Non renseigné;Non renseigné;Non renseigné;Non renseigné;Non;Non renseigné;Non renseigné;Non renseigné;Non renseigné;Non renseigné;Non;Non renseigné;Non renseigné;Non;Non renseigné;Non renseigné;Oui;1;0;Oui;Non;0;0;Sécuritest;Invalide;oguillemot@custeed.com;Non renseigné
604fc0dfa0a0310003bdb6c0;(AutoSécurité) Controle Automobile De Chateaulin - Chateaulin;[Inactif] (AutoSécurité) Controle Automobile De Chateaulin - Chateaulin;;284 Avenue Bollée;72000;Le Mans;Français (France);Non;Non renseigné;11/03/2021;Non;Non renseigné;Non renseigné;Non;Non renseigné;Non renseigné;Non;Non renseigné;Non renseigné;Non;Non renseigné;Non renseigné;Oui;Non renseigné;9,44;Oui;Non renseigné;0;Non;Non renseigné;Non renseigné;Non;Non renseigné;Non renseigné;Non;Non renseigné;Non renseigné;Non renseigné;Non renseigné;Non;Non renseigné;Non renseigné;Non renseigné;Non renseigné;Non renseigné;Non;Non renseigné;Non renseigné;Non;Non renseigné;Non renseigné;Oui;1;0;Oui;Non;0;0;Sécuritest;Invalide;oguillemot@custeed.com;Non renseigné
604fc0dfa0a0310003bdb6c1;(AutoSécurité) Auto Controle Jarlot - St Martin Des Champs;[Inactif] (AutoSécurité) Auto Controle Jarlot - St Martin Des Champs;;266 Boulevard Carnot;72000;Le Mans;Français (France);Non;Non renseigné;11/03/2021;Non;Non renseigné;Non renseigné;Non;Non renseigné;Non renseigné;Non;Non renseigné;Non renseigné;Non;Non renseigné;Non renseigné;Oui;Non renseigné;9,44;Oui;Non renseigné;0;Non;Non renseigné;Non renseigné;Non;Non renseigné;Non renseigné;Non;Non renseigné;Non renseigné;Non renseigné;Non renseigné;Non;Non renseigné;Non renseigné;Non renseigné;Non renseigné;Non renseigné;Non;Non renseigné;Non renseigné;Non;Non renseigné;Non renseigné;Oui;1;0;Oui;Non;0;0;AutoSécurité;Invalide;oguillemot@custeed.com;Non renseigné
604fc0dfa0a0310003bdb6c3;(AutoSécurité) Controle Auto De Quimper - Quimper;[Inactif] (AutoSécurité) Controle Auto De Quimper - Quimper;;Z.a. du ruisseau;72250;Parigné-l'Évêque;Français (France);Non;Non renseigné;11/03/2021;Non;Non renseigné;Non renseigné;Non;Non renseigné;Non renseigné;Non;Non renseigné;Non renseigné;Non;Non renseigné;Non renseigné;Oui;Non renseigné;9,44;Oui;Non renseigné;0;Non;Non renseigné;Non renseigné;Non;Non renseigné;Non renseigné;Non;Non renseigné;Non renseigné;Non renseigné;Non renseigné;Non;Non renseigné;Non renseigné;Non renseigné;Non renseigné;Non renseigné;Non;Non renseigné;Non renseigné;Non;Non renseigné;Non renseigné;Oui;1;0;Oui;Non;0;0;AutoSécurité;Invalide;oguillemot@custeed.com;Non renseigné
604fc0dfa0a0310003bdb6c5;(AutoSécurité) Auto Controle Ronan Pensec - Scaer;[Inactif] (AutoSécurité) Auto Controle Ronan Pensec - Scaer;;Les Hunaudières;72230;Ruaudin;Français (France);Non;Non renseigné;11/03/2021;Non;Non renseigné;Non renseigné;Non;Non renseigné;Non renseigné;Non;Non renseigné;Non renseigné;Non;Non renseigné;Non renseigné;Oui;Non renseigné;9,44;Oui;Non renseigné;0;Non;Non renseigné;Non renseigné;Non;Non renseigné;Non renseigné;Non;Non renseigné;Non renseigné;Non renseigné;Non renseigné;Non;Non renseigné;Non renseigné;Non renseigné;Non renseigné;Non renseigné;Non;Non renseigné;Non renseigné;Non;Non renseigné;Non renseigné;Oui;1;0;Oui;Non;0;0;AutoSécurité;Invalide;oguillemot@custeed.com;Non renseigné
604fc0dfa0a0310003bdb6cf;(AutoSécurité) Controle Automobile Lamartine - Pont St Esprit;[Inactif] (AutoSécurité) Controle Automobile Lamartine - Pont St Esprit;;43 Avenue du Général de Gaulle;92360;Meudon;Français (France);Non;Non renseigné;11/03/2021;Non;Non renseigné;Non renseigné;Non;Non renseigné;Non renseigné;Non;Non renseigné;Non renseigné;Non;Non renseigné;Non renseigné;Oui;Non renseigné;9,44;Oui;Non renseigné;0;Non;Non renseigné;Non renseigné;Non;Non renseigné;Non renseigné;Non;Non renseigné;Non renseigné;Non renseigné;Non renseigné;Non;Non renseigné;Non renseigné;Non renseigné;Non renseigné;Non renseigné;Non;Non renseigné;Non renseigné;Non;Non renseigné;Non renseigné;Oui;1;0;Oui;Non;0;0;Sécuritest;Invalide;oguillemot@custeed.com;Non renseigné
604fc0dfa0a0310003bdb6d7;(AutoSécurité) Sarl Verif'auto - Saint Laurent Des Arbres;[Inactif] (AutoSécurité) Sarl Verif'auto - Saint Laurent Des Arbres;;6 Avenue Evariste Gallois;91420;Morangis;Français (France);Non;Non renseigné;11/03/2021;Non;Non renseigné;Non renseigné;Non;Non renseigné;Non renseigné;Non;Non renseigné;Non renseigné;Non;Non renseigné;Non renseigné;Oui;Non renseigné;9,44;Oui;Non renseigné;0;Non;Non renseigné;Non renseigné;Non;Non renseigné;Non renseigné;Non;Non renseigné;Non renseigné;Non renseigné;Non renseigné;Non;Non renseigné;Non renseigné;Non renseigné;Non renseigné;Non renseigné;Non;Non renseigné;Non renseigné;Non;Non renseigné;Non renseigné;Oui;1;0;Oui;Non;0;0;Sécuritest;Invalide;oguillemot@custeed.com;Non renseigné
604fc0dfa0a0310003bdb6e3;(AutoSécurité) Sas E.i.c.t. - Villeneuve Tolosane;[Inactif] (AutoSécurité) Sas E.i.c.t. - Villeneuve Tolosane;;37 Rue Charles de Gaulle;94140;Alfortville;Français (France);Non;Non renseigné;11/03/2021;Non;Non renseigné;Non renseigné;Non;Non renseigné;Non renseigné;Non;Non renseigné;Non renseigné;Non;Non renseigné;Non renseigné;Oui;Non renseigné;9,44;Oui;Non renseigné;0;Non;Non renseigné;Non renseigné;Non;Non renseigné;Non renseigné;Non;Non renseigné;Non renseigné;Non renseigné;Non renseigné;Non;Non renseigné;Non renseigné;Non renseigné;Non renseigné;Non renseigné;Non;Non renseigné;Non renseigné;Non;Non renseigné;Non renseigné;Oui;1;0;Oui;Non;0;0;AutoSécurité;Invalide;oguillemot@custeed.com;Non renseigné
604fc0dfa0a0310003bdb706;(AutoSécurité) Centre De Controle Technique De Gradignan - Gradignan;[Inactif] (AutoSécurité) Centre De Controle Technique De Gradignan - Gradignan;;3 Avenue Paul Maintenant;91100;Corbeil-Essonnes;Français (France);Non;Non renseigné;11/03/2021;Non;Non renseigné;Non renseigné;Non;Non renseigné;Non renseigné;Non;Non renseigné;Non renseigné;Non;Non renseigné;Non renseigné;Oui;Non renseigné;9,44;Oui;Non renseigné;0;Non;Non renseigné;Non renseigné;Non;Non renseigné;Non renseigné;Non;Non renseigné;Non renseigné;Non renseigné;Non renseigné;Non;Non renseigné;Non renseigné;Non renseigné;Non renseigné;Non renseigné;Non;Non renseigné;Non renseigné;Non;Non renseigné;Non renseigné;Oui;1;0;Oui;Non;0;0;Sécuritest;Invalide;oguillemot@custeed.com;Non renseigné
604fc0dfa0a0310003bdb71d;(AutoSécurité) Auto Bilan Dolois - Dol De Bretagne;[Inactif] (AutoSécurité) Auto Bilan Dolois - Dol De Bretagne;;50 Avenue Pierre Brossolette;91380;Chilly-Mazarin;Français (France);Non;Non renseigné;11/03/2021;Non;Non renseigné;Non renseigné;Non;Non renseigné;Non renseigné;Non;Non renseigné;Non renseigné;Non;Non renseigné;Non renseigné;Oui;Non renseigné;9,44;Oui;Non renseigné;0;Non;Non renseigné;Non renseigné;Non;Non renseigné;Non renseigné;Non;Non renseigné;Non renseigné;Non renseigné;Non renseigné;Non;Non renseigné;Non renseigné;Non renseigné;Non renseigné;Non renseigné;Non;Non renseigné;Non renseigné;Non;Non renseigné;Non renseigné;Oui;1;0;Oui;Non;0;0;Sécuritest;Invalide;oguillemot@custeed.com;Non renseigné
604fc0dfa0a0310003bdb725;(AutoSécurité) Auto Bilan Tinteniac - Tinteniac;[Inactif] (AutoSécurité) Auto Bilan Tinteniac - Tinteniac;;26 Route de Caen;14400;Bayeux;Français (France);Non;Non renseigné;11/03/2021;Non;Non renseigné;Non renseigné;Non;Non renseigné;Non renseigné;Non;Non renseigné;Non renseigné;Non;Non renseigné;Non renseigné;Oui;Non renseigné;9,44;Oui;Non renseigné;0;Non;Non renseigné;Non renseigné;Non;Non renseigné;Non renseigné;Non;Non renseigné;Non renseigné;Non renseigné;Non renseigné;Non;Non renseigné;Non renseigné;Non renseigné;Non renseigné;Non renseigné;Non;Non renseigné;Non renseigné;Non;Non renseigné;Non renseigné;Oui;1;0;Oui;Non;0;0;AutoSécurité;Invalide;oguillemot@custeed.com;Non renseigné
604fc0dfa0a0310003bdb746;(AutoSécurité) Controle Auto Du Messidor - Vizille;[Inactif] (AutoSécurité) Controle Auto Du Messidor - Vizille;;18 Rue des Rosiéristes;69410;Champagne-au-Mont-d'Or;Français (France);Non;Non renseigné;11/03/2021;Non;Non renseigné;Non renseigné;Non;Non renseigné;Non renseigné;Non;Non renseigné;Non renseigné;Non;Non renseigné;Non renseigné;Oui;Non renseigné;9,44;Oui;Non renseigné;0;Non;Non renseigné;Non renseigné;Non;Non renseigné;Non renseigné;Non;Non renseigné;Non renseigné;Non renseigné;Non renseigné;Non;Non renseigné;Non renseigné;Non renseigné;Non renseigné;Non renseigné;Non;Non renseigné;Non renseigné;Non;Non renseigné;Non renseigné;Oui;1;0;Oui;Non;0;0;AutoSécurité;Invalide;oguillemot@custeed.com;Non renseigné
604fc0dfa0a0310003bdb7b1;(AutoSécurité) C.t.a Maine Et Loire - Cholet;[Inactif] (AutoSécurité) C.t.a Maine Et Loire - Cholet;;271 Rue Camille Desmoulins;69400;Villefranche-sur-Saône;Français (France);Non;Non renseigné;11/03/2021;Non;Non renseigné;Non renseigné;Non;Non renseigné;Non renseigné;Non;Non renseigné;Non renseigné;Non;Non renseigné;Non renseigné;Oui;Non renseigné;9,44;Oui;Non renseigné;0;Non;Non renseigné;Non renseigné;Non;Non renseigné;Non renseigné;Non;Non renseigné;Non renseigné;Non renseigné;Non renseigné;Non;Non renseigné;Non renseigné;Non renseigné;Non renseigné;Non renseigné;Non;Non renseigné;Non renseigné;Non;Non renseigné;Non renseigné;Oui;1;0;Oui;Non;0;0;AutoSécurité;Invalide;oguillemot@custeed.com;Non renseigné
604fc0dfa0a0310003bdb7d2;(AutoSécurité) C. C. T. A - Maxeville;[Inactif] (AutoSécurité) C. C. T. A - Maxeville;;142 Avenue Charles de Gaulle;69160;Tassin-la-Demi-Lune;Français (France);Non;Non renseigné;11/03/2021;Non;Non renseigné;Non renseigné;Non;Non renseigné;Non renseigné;Non;Non renseigné;Non renseigné;Non;Non renseigné;Non renseigné;Oui;Non renseigné;9,44;Oui;Non renseigné;0;Non;Non renseigné;Non renseigné;Non;Non renseigné;Non renseigné;Non;Non renseigné;Non renseigné;Non renseigné;Non renseigné;Non;Non renseigné;Non renseigné;Non renseigné;Non renseigné;Non renseigné;Non;Non renseigné;Non renseigné;Non;Non renseigné;Non renseigné;Oui;1;0;Oui;Non;0;0;AutoSécurité;Invalide;oguillemot@custeed.com;Non renseigné
604fc0dfa0a0310003bdb7e6;(AutoSécurité) Controle Technique Reguinois - Reguiny;[Inactif] (AutoSécurité) Controle Technique Reguinois - Reguiny;;655 Route De Lyon;1960;Péronnas;Français (France);Non;Non renseigné;11/03/2021;Non;Non renseigné;Non renseigné;Non;Non renseigné;Non renseigné;Non;Non renseigné;Non renseigné;Non;Non renseigné;Non renseigné;Oui;Non renseigné;9,44;Oui;Non renseigné;0;Non;Non renseigné;Non renseigné;Non;Non renseigné;Non renseigné;Non;Non renseigné;Non renseigné;Non renseigné;Non renseigné;Non;Non renseigné;Non renseigné;Non renseigné;Non renseigné;Non renseigné;Non;Non renseigné;Non renseigné;Non;Non renseigné;Non renseigné;Oui;1;0;Oui;Non;0;0;Sécuritest;Invalide;oguillemot@custeed.com;Non renseigné
604fc0dfa0a0310003bdb7f4;(AutoSécurité) Auto Bilan Woippy - Woippy;[Inactif] (AutoSécurité) Auto Bilan Woippy - Woippy;;97 Avenue Amédée Mercier;1000;Bourg-en-Bresse;Français (France);Non;Non renseigné;11/03/2021;Non;Non renseigné;Non renseigné;Non;Non renseigné;Non renseigné;Non;Non renseigné;Non renseigné;Non;Non renseigné;Non renseigné;Oui;Non renseigné;9,44;Oui;Non renseigné;0;Non;Non renseigné;Non renseigné;Non;Non renseigné;Non renseigné;Non;Non renseigné;Non renseigné;Non renseigné;Non renseigné;Non;Non renseigné;Non renseigné;Non renseigné;Non renseigné;Non renseigné;Non;Non renseigné;Non renseigné;Non;Non renseigné;Non renseigné;Oui;1;0;Oui;Non;0;0;Sécuritest;Invalide;oguillemot@custeed.com;Non renseigné
604fc0dfa0a0310003bdb7f7;(AutoSécurité) Auto Controle Luzy - Luzy;[Inactif] (AutoSécurité) Auto Controle Luzy - Luzy;;114 Route de Lyon;3400;Yzeure;Français (France);Non;Non renseigné;11/03/2021;Non;Non renseigné;Non renseigné;Non;Non renseigné;Non renseigné;Non;Non renseigné;Non renseigné;Non;Non renseigné;Non renseigné;Oui;Non renseigné;9,44;Oui;Non renseigné;0;Non;Non renseigné;Non renseigné;Non;Non renseigné;Non renseigné;Non;Non renseigné;Non renseigné;Non renseigné;Non renseigné;Non;Non renseigné;Non renseigné;Non renseigné;Non renseigné;Non renseigné;Non;Non renseigné;Non renseigné;Non;Non renseigné;Non renseigné;Oui;1;0;Oui;Non;0;0;Sécuritest;Invalide;oguillemot@custeed.com;Non renseigné
604fc0dfa0a0310003bdb80f;(AutoSécurité) Roncq Controle Automobile - Roncq;[Inactif] (AutoSécurité) Roncq Controle Automobile - Roncq;;Route Nationale 7 Centre Cial Leclerc - À Côté De Norauto;3000;Avermes;Français (France);Non;Non renseigné;11/03/2021;Non;Non renseigné;Non renseigné;Non;Non renseigné;Non renseigné;Non;Non renseigné;Non renseigné;Non;Non renseigné;Non renseigné;Oui;Non renseigné;9,44;Oui;Non renseigné;0;Non;Non renseigné;Non renseigné;Non;Non renseigné;Non renseigné;Non;Non renseigné;Non renseigné;Non renseigné;Non renseigné;Non;Non renseigné;Non renseigné;Non renseigné;Non renseigné;Non renseigné;Non;Non renseigné;Non renseigné;Non;Non renseigné;Non renseigné;Oui;1;0;Oui;Non;0;0;Sécuritest;Invalide;oguillemot@custeed.com;Non renseigné
604fc0dfa0a0310003bdb858;(AutoSécurité) Auto Controle Saint Martin - Perpignan;[Inactif] (AutoSécurité) Auto Controle Saint Martin - Perpignan;;101 Rue de la Délivrande;14000;Caen;Français (France);Non;Non renseigné;11/03/2021;Non;Non renseigné;Non renseigné;Non;Non renseigné;Non renseigné;Non;Non renseigné;Non renseigné;Non;Non renseigné;Non renseigné;Oui;Non renseigné;9,44;Oui;Non renseigné;0;Non;Non renseigné;Non renseigné;Non;Non renseigné;Non renseigné;Non;Non renseigné;Non renseigné;Non renseigné;Non renseigné;Non;Non renseigné;Non renseigné;Non renseigné;Non renseigné;Non renseigné;Non;Non renseigné;Non renseigné;Non;Non renseigné;Non renseigné;Oui;1;0;Oui;Non;0;0;Sécuritest;Invalide;oguillemot@custeed.com;Non renseigné
604fc0dfa0a0310003bdb8a6;(AutoSécurité) C.c.t.a. Saint Julien - Neydens;[Inactif] (AutoSécurité) C.c.t.a. Saint Julien - Neydens;;1 avenue de paris la demi lune;14000;Caen;Français (France);Non;Non renseigné;11/03/2021;Non;Non renseigné;Non renseigné;Non;Non renseigné;Non renseigné;Non;Non renseigné;Non renseigné;Non;Non renseigné;Non renseigné;Oui;Non renseigné;9,44;Oui;Non renseigné;0;Non;Non renseigné;Non renseigné;Non;Non renseigné;Non renseigné;Non;Non renseigné;Non renseigné;Non renseigné;Non renseigné;Non;Non renseigné;Non renseigné;Non renseigné;Non renseigné;Non renseigné;Non;Non renseigné;Non renseigné;Non;Non renseigné;Non renseigné;Oui;1;0;Oui;Non;0;0;Sécuritest;Invalide;oguillemot@custeed.com;Non renseigné
604fc0dfa0a0310003bdb8af;(AutoSécurité) Controle Technique De Normandie - Sotteville Les Rouen;[Inactif] (AutoSécurité) Controle Technique De Normandie - Sotteville Les Rouen;;z.a. les ormeaux;17690;Angoulins;Français (France);Non;Non renseigné;11/03/2021;Non;Non renseigné;Non renseigné;Non;Non renseigné;Non renseigné;Non;Non renseigné;Non renseigné;Non;Non renseigné;Non renseigné;Oui;Non renseigné;9,44;Oui;Non renseigné;0;Non;Non renseigné;Non renseigné;Non;Non renseigné;Non renseigné;Non;Non renseigné;Non renseigné;Non renseigné;Non renseigné;Non;Non renseigné;Non renseigné;Non renseigné;Non renseigné;Non renseigné;Non;Non renseigné;Non renseigné;Non;Non renseigné;Non renseigné;Oui;1;0;Oui;Non;0;0;Sécuritest;Invalide;oguillemot@custeed.com;Non renseigné
604fc0dfa0a0310003bdb8b1;(AutoSécurité) Controle Technique Du Madrillet - St Etienne Du Rouvray;[Inactif] (AutoSécurité) Controle Technique Du Madrillet - St Etienne Du Rouvray;;6 Rue du 11 Novembre;17138;Puilboreau;Français (France);Non;Non renseigné;11/03/2021;Non;Non renseigné;Non renseigné;Non;Non renseigné;Non renseigné;Non;Non renseigné;Non renseigné;Non;Non renseigné;Non renseigné;Oui;Non renseigné;9,44;Oui;Non renseigné;0;Non;Non renseigné;Non renseigné;Non;Non renseigné;Non renseigné;Non;Non renseigné;Non renseigné;Non renseigné;Non renseigné;Non;Non renseigné;Non renseigné;Non renseigné;Non renseigné;Non renseigné;Non;Non renseigné;Non renseigné;Non;Non renseigné;Non renseigné;Oui;1;0;Oui;Non;0;0;Sécuritest;Invalide;oguillemot@custeed.com;Non renseigné
604fc0dfa0a0310003bdb8c6;(AutoSécurité) Ccac - Claye Souilly;[Inactif] (AutoSécurité) Ccac - Claye Souilly;;2 boulevard de l`atlantique;22000;Saint-Brieuc;Français (France);Non;Non renseigné;11/03/2021;Non;Non renseigné;Non renseigné;Non;Non renseigné;Non renseigné;Non;Non renseigné;Non renseigné;Non;Non renseigné;Non renseigné;Oui;Non renseigné;9,44;Oui;Non renseigné;0;Non;Non renseigné;Non renseigné;Non;Non renseigné;Non renseigné;Non;Non renseigné;Non renseigné;Non renseigné;Non renseigné;Non;Non renseigné;Non renseigné;Non renseigné;Non renseigné;Non renseigné;Non;Non renseigné;Non renseigné;Non;Non renseigné;Non renseigné;Oui;1;0;Oui;Non;0;0;Sécuritest;Invalide;oguillemot@custeed.com;Non renseigné
604fc0dfa0a0310003bdb8d9;(AutoSécurité) Sarl C.t.a. - Mauleon;[Inactif] (AutoSécurité) Sarl C.t.a. - Mauleon;;63 Rue Saint-Sauveur;27000;Évreux;Français (France);Non;Non renseigné;11/03/2021;Non;Non renseigné;Non renseigné;Non;Non renseigné;Non renseigné;Non;Non renseigné;Non renseigné;Non;Non renseigné;Non renseigné;Oui;Non renseigné;9,44;Oui;Non renseigné;0;Non;Non renseigné;Non renseigné;Non;Non renseigné;Non renseigné;Non;Non renseigné;Non renseigné;Non renseigné;Non renseigné;Non;Non renseigné;Non renseigné;Non renseigné;Non renseigné;Non renseigné;Non;Non renseigné;Non renseigné;Non;Non renseigné;Non renseigné;Oui;1;0;Oui;Non;0;0;Sécuritest;Invalide;oguillemot@custeed.com;Non renseigné
604fc0dfa0a0310003bdb93c;(AutoSécurité) Colombes Auto Securite - Colombes;[Inactif] (AutoSécurité) Colombes Auto Securite - Colombes;;128 Avenue Aristide Briand;27930;Gravigny;Français (France);Non;Non renseigné;11/03/2021;Non;Non renseigné;Non renseigné;Non;Non renseigné;Non renseigné;Non;Non renseigné;Non renseigné;Non;Non renseigné;Non renseigné;Oui;Non renseigné;9,44;Oui;Non renseigné;0;Non;Non renseigné;Non renseigné;Non;Non renseigné;Non renseigné;Non;Non renseigné;Non renseigné;Non renseigné;Non renseigné;Non;Non renseigné;Non renseigné;Non renseigné;Non renseigné;Non renseigné;Non;Non renseigné;Non renseigné;Non;Non renseigné;Non renseigné;Oui;1;0;Oui;Non;0;0;Sécuritest;Invalide;oguillemot@custeed.com;Non renseigné
604fc0dfa0a0310003bdb93e;(AutoSécurité) Les Ateliers Auto L.d.d.s - Suresnes;[Inactif] (AutoSécurité) Les Ateliers Auto L.d.d.s - Suresnes;;128 Le Chemin de Beaubray;27190;Conches-en-Ouche;Français (France);Non;Non renseigné;11/03/2021;Non;Non renseigné;Non renseigné;Non;Non renseigné;Non renseigné;Non;Non renseigné;Non renseigné;Non;Non renseigné;Non renseigné;Oui;Non renseigné;9,44;Oui;Non renseigné;0;Non;Non renseigné;Non renseigné;Non;Non renseigné;Non renseigné;Non;Non renseigné;Non renseigné;Non renseigné;Non renseigné;Non;Non renseigné;Non renseigné;Non renseigné;Non renseigné;Non renseigné;Non;Non renseigné;Non renseigné;Non;Non renseigné;Non renseigné;Oui;1;0;Oui;Non;0;0;Sécuritest;Invalide;oguillemot@custeed.com;Non renseigné
604fc0dfa0a0310003bdb952;(AutoSécurité) C.t.a Domont - Domont;[Inactif] (AutoSécurité) C.t.a Domont - Domont;;20 Route de Brest;29000;Quimper;Français (France);Non;Non renseigné;11/03/2021;Non;Non renseigné;Non renseigné;Non;Non renseigné;Non renseigné;Non;Non renseigné;Non renseigné;Non;Non renseigné;Non renseigné;Oui;Non renseigné;9,44;Oui;Non renseigné;0;Non;Non renseigné;Non renseigné;Non;Non renseigné;Non renseigné;Non;Non renseigné;Non renseigné;Non renseigné;Non renseigné;Non;Non renseigné;Non renseigné;Non renseigné;Non renseigné;Non renseigné;Non;Non renseigné;Non renseigné;Non;Non renseigné;Non renseigné;Oui;1;0;Oui;Non;0;0;Sécuritest;Invalide;oguillemot@custeed.com;Non renseigné
604fc0dfa0a0310003bdb97b;(Sécuritest) Csca Pasquis - Montlucon;[Inactif] (Sécuritest) Csca Pasquis - Montlucon;;12 Rue Jules Vallès;35000;Rennes;Français (France);Non;Non renseigné;11/03/2021;Non;Non renseigné;Non renseigné;Non;Non renseigné;Non renseigné;Non;Non renseigné;Non renseigné;Non;Non renseigné;Non renseigné;Oui;Non renseigné;9,44;Oui;Non renseigné;0;Non;Non renseigné;Non renseigné;Non;Non renseigné;Non renseigné;Non;Non renseigné;Non renseigné;Non renseigné;Non renseigné;Non;Non renseigné;Non renseigné;Non renseigné;Non renseigné;Non renseigné;Non;Non renseigné;Non renseigné;Non;Non renseigné;Non renseigné;Oui;1;0;Oui;Non;0;0;Sécuritest;Invalide;oguillemot@custeed.com;Non renseigné
604fc0dfa0a0310003bdb9a8;(Sécuritest) Controle Auto Villefranchois - Villefranche De Rouergue;[Inactif] (Sécuritest) Controle Auto Villefranchois - Villefranche De Rouergue;;Place de Rocabey;35400;Saint-Malo;Français (France);Non;Non renseigné;11/03/2021;Non;Non renseigné;Non renseigné;Non;Non renseigné;Non renseigné;Non;Non renseigné;Non renseigné;Non;Non renseigné;Non renseigné;Oui;Non renseigné;9,44;Oui;Non renseigné;0;Non;Non renseigné;Non renseigné;Non;Non renseigné;Non renseigné;Non;Non renseigné;Non renseigné;Non renseigné;Non renseigné;Non;Non renseigné;Non renseigné;Non renseigné;Non renseigné;Non renseigné;Non;Non renseigné;Non renseigné;Non;Non renseigné;Non renseigné;Oui;1;0;Oui;Non;0;0;Sécuritest;Invalide;oguillemot@custeed.com;Non renseigné
604fc0dfa0a0310003bdba1f;(Sécuritest) Controle Technique Des Basseaux - Valence;[Inactif] (Sécuritest) Controle Technique Des Basseaux - Valence;;79-81 Boulevard de Cluis;36000;Châteauroux;Français (France);Non;Non renseigné;11/03/2021;Non;Non renseigné;Non renseigné;Non;Non renseigné;Non renseigné;Non;Non renseigné;Non renseigné;Non;Non renseigné;Non renseigné;Oui;Non renseigné;9,44;Oui;Non renseigné;0;Non;Non renseigné;Non renseigné;Non;Non renseigné;Non renseigné;Non;Non renseigné;Non renseigné;Non renseigné;Non renseigné;Non;Non renseigné;Non renseigné;Non renseigné;Non renseigné;Non renseigné;Non;Non renseigné;Non renseigné;Non;Non renseigné;Non renseigné;Oui;1;0;Oui;Non;0;0;Sécuritest;Invalide;oguillemot@custeed.com;Non renseigné
604fc0dfa0a0310003bdba2c;(Sécuritest) Rouas Controle Technique - Bourg Achard;[Inactif] (Sécuritest) Rouas Controle Technique - Bourg Achard;;34 bis Rue Galpin Thiou;37000;Tours;Français (France);Non;Non renseigné;11/03/2021;Non;Non renseigné;Non renseigné;Non;Non renseigné;Non renseigné;Non;Non renseigné;Non renseigné;Non;Non renseigné;Non renseigné;Oui;Non renseigné;9,44;Oui;Non renseigné;0;Non;Non renseigné;Non renseigné;Non;Non renseigné;Non renseigné;Non;Non renseigné;Non renseigné;Non renseigné;Non renseigné;Non;Non renseigné;Non renseigné;Non renseigné;Non renseigné;Non renseigné;Non;Non renseigné;Non renseigné;Non;Non renseigné;Non renseigné;Oui;1;0;Oui;Non;0;0;Sécuritest;Invalide;oguillemot@custeed.com;Non renseigné
604fc0dfa0a0310003bdba2d;(Sécuritest) Sas Auto Bilan 27 - Pont Audemer;[Inactif] (Sécuritest) Sas Auto Bilan 27 - Pont Audemer;;parc de la maladière 5 Impasse Léon Serpollet;38300;Bourgoin-Jallieu;Français (France);Non;Non renseigné;11/03/2021;Non;Non renseigné;Non renseigné;Non;Non renseigné;Non renseigné;Non;Non renseigné;Non renseigné;Non;Non renseigné;Non renseigné;Oui;Non renseigné;9,44;Oui;Non renseigné;0;Non;Non renseigné;Non renseigné;Non;Non renseigné;Non renseigné;Non;Non renseigné;Non renseigné;Non renseigné;Non renseigné;Non;Non renseigné;Non renseigné;Non renseigné;Non renseigné;Non renseigné;Non;Non renseigné;Non renseigné;Non;Non renseigné;Non renseigné;Oui;1;0;Oui;Non;0;0;Sécuritest;Invalide;oguillemot@custeed.com;Non renseigné
604fc0dfa0a0310003bdba39;(Sécuritest) Elorn Controle Auto - Landivisiau;[Inactif] (Sécuritest) Elorn Controle Auto - Landivisiau;;route de saint nazaire Rue du Général Eisenhower;44110;Châteaubriant;Français (France);Non;Non renseigné;11/03/2021;Non;Non renseigné;Non renseigné;Non;Non renseigné;Non renseigné;Non;Non renseigné;Non renseigné;Non;Non renseigné;Non renseigné;Oui;Non renseigné;9,44;Oui;Non renseigné;0;Non;Non renseigné;Non renseigné;Non;Non renseigné;Non renseigné;Non;Non renseigné;Non renseigné;Non renseigné;Non renseigné;Non;Non renseigné;Non renseigné;Non renseigné;Non renseigné;Non renseigné;Non;Non renseigné;Non renseigné;Non;Non renseigné;Non renseigné;Oui;1;0;Oui;Non;0;0;Sécuritest;Invalide;oguillemot@custeed.com;Non renseigné
604fc0dfa0a0310003bdba3a;(Sécuritest) Bretagne Controles - Brest;[Inactif] (Sécuritest) Bretagne Controles - Brest;;152 Route de Rennes;44300;Nantes;Français (France);Non;Non renseigné;11/03/2021;Non;Non renseigné;Non renseigné;Non;Non renseigné;Non renseigné;Non;Non renseigné;Non renseigné;Non;Non renseigné;Non renseigné;Oui;Non renseigné;9,44;Oui;Non renseigné;0;Non;Non renseigné;Non renseigné;Non;Non renseigné;Non renseigné;Non;Non renseigné;Non renseigné;Non renseigné;Non renseigné;Non;Non renseigné;Non renseigné;Non renseigné;Non renseigné;Non renseigné;Non;Non renseigné;Non renseigné;Non;Non renseigné;Non renseigné;Oui;1;0;Oui;Non;0;0;Sécuritest;Invalide;oguillemot@custeed.com;Non renseigné
604fc0dfa0a0310003bdba3c;(Sécuritest) Elorn Controle Auto - Hanvec;[Inactif] (Sécuritest) Elorn Controle Auto - Hanvec;;Impasse De La Bosselle ZAC Fontaine Aux Bruns;44570;Trignac;Français (France);Non;Non renseigné;11/03/2021;Non;Non renseigné;Non renseigné;Non;Non renseigné;Non renseigné;Non;Non renseigné;Non renseigné;Non;Non renseigné;Non renseigné;Oui;Non renseigné;9,44;Oui;Non renseigné;0;Non;Non renseigné;Non renseigné;Non;Non renseigné;Non renseigné;Non;Non renseigné;Non renseigné;Non renseigné;Non renseigné;Non;Non renseigné;Non renseigné;Non renseigné;Non renseigné;Non renseigné;Non;Non renseigné;Non renseigné;Non;Non renseigné;Non renseigné;Oui;1;0;Oui;Non;0;0;Sécuritest;Invalide;oguillemot@custeed.com;Non renseigné
604fc0dfa0a0310003bdba40;(Sécuritest) Auto Controle Keriven - St Martin Des Champs;[Inactif] (Sécuritest) Auto Controle Keriven - St Martin Des Champs;;Avenue du Maréchal Leclerc;49300;Cholet;Français (France);Non;Non renseigné;11/03/2021;Non;Non renseigné;Non renseigné;Non;Non renseigné;Non renseigné;Non;Non renseigné;Non renseigné;Non;Non renseigné;Non renseigné;Oui;Non renseigné;9,44;Oui;Non renseigné;0;Non;Non renseigné;Non renseigné;Non;Non renseigné;Non renseigné;Non;Non renseigné;Non renseigné;Non renseigné;Non renseigné;Non;Non renseigné;Non renseigné;Non renseigné;Non renseigné;Non renseigné;Non;Non renseigné;Non renseigné;Non;Non renseigné;Non renseigné;Oui;1;0;Oui;Non;0;0;Sécuritest;Invalide;oguillemot@custeed.com;Non renseigné
604fc0dfa0a0310003bdba43;(Sécuritest) Elorn Controle Auto - Landerneau;[Inactif] (Sécuritest) Elorn Controle Auto - Landerneau;;30 Boulevard du Doyenné;49100;Angers;Français (France);Non;Non renseigné;11/03/2021;Non;Non renseigné;Non renseigné;Non;Non renseigné;Non renseigné;Non;Non renseigné;Non renseigné;Non;Non renseigné;Non renseigné;Oui;Non renseigné;9,44;Oui;Non renseigné;0;Non;Non renseigné;Non renseigné;Non;Non renseigné;Non renseigné;Non;Non renseigné;Non renseigné;Non renseigné;Non renseigné;Non;Non renseigné;Non renseigné;Non renseigné;Non renseigné;Non renseigné;Non;Non renseigné;Non renseigné;Non;Non renseigné;Non renseigné;Oui;1;0;Oui;Non;0;0;Sécuritest;Invalide;oguillemot@custeed.com;Non renseigné
604fc0dfa0a0310003bdba44;(Sécuritest) Elorn Controle Auto - Le Faou;[Inactif] (Sécuritest) Elorn Controle Auto - Le Faou;;94 Rue de la Marne;50000;Saint-Lô;Français (France);Non;Non renseigné;11/03/2021;Non;Non renseigné;Non renseigné;Non;Non renseigné;Non renseigné;Non;Non renseigné;Non renseigné;Non;Non renseigné;Non renseigné;Oui;Non renseigné;9,44;Oui;Non renseigné;0;Non;Non renseigné;Non renseigné;Non;Non renseigné;Non renseigné;Non;Non renseigné;Non renseigné;Non renseigné;Non renseigné;Non;Non renseigné;Non renseigné;Non renseigné;Non renseigné;Non renseigné;Non;Non renseigné;Non renseigné;Non;Non renseigné;Non renseigné;Oui;1;0;Oui;Non;0;0;Sécuritest;Invalide;oguillemot@custeed.com;Non renseigné
604fc0dfa0a0310003bdbaa2;(Sécuritest) Auto Bilan Controle Diagnostic - Vitre;[Inactif] (Sécuritest) Auto Bilan Controle Diagnostic - Vitre;;184 Rue des Métiers;50110;TOURLAVILLE;Français (France);Non;Non renseigné;11/03/2021;Non;Non renseigné;Non renseigné;Non;Non renseigné;Non renseigné;Non;Non renseigné;Non renseigné;Non;Non renseigné;Non renseigné;Oui;Non renseigné;9,44;Oui;Non renseigné;0;Non;Non renseigné;Non renseigné;Non;Non renseigné;Non renseigné;Non;Non renseigné;Non renseigné;Non renseigné;Non renseigné;Non;Non renseigné;Non renseigné;Non renseigné;Non renseigné;Non renseigné;Non;Non renseigné;Non renseigné;Non;Non renseigné;Non renseigné;Oui;1;0;Oui;Non;0;0;Sécuritest;Invalide;oguillemot@custeed.com;Non renseigné
604fc0dfa0a0310003bdbaa3;(Sécuritest) Auto Bilan Chateaubourg - Chateaubourg;[Inactif] (Sécuritest) Auto Bilan Chateaubourg - Chateaubourg;;205 Boulevard des Trappistines;53000;Laval;Français (France);Non;Non renseigné;11/03/2021;Non;Non renseigné;Non renseigné;Non;Non renseigné;Non renseigné;Non;Non renseigné;Non renseigné;Non;Non renseigné;Non renseigné;Oui;Non renseigné;9,44;Oui;Non renseigné;0;Non;Non renseigné;Non renseigné;Non;Non renseigné;Non renseigné;Non;Non renseigné;Non renseigné;Non renseigné;Non renseigné;Non;Non renseigné;Non renseigné;Non renseigné;Non renseigné;Non renseigné;Non;Non renseigné;Non renseigné;Non;Non renseigné;Non renseigné;Oui;1;0;Oui;Non;0;0;Sécuritest;Invalide;oguillemot@custeed.com;Non renseigné
604fc0dfa0a0310003bdbb20;(Sécuritest) C.t.a. Maine Et Loire - Cholet;[Inactif] (Sécuritest) C.t.a. Maine Et Loire - Cholet;;112 Avenue de Basingstoke;61000;Alençon;Français (France);Non;Non renseigné;11/03/2021;Non;Non renseigné;Non renseigné;Non;Non renseigné;Non renseigné;Non;Non renseigné;Non renseigné;Non;Non renseigné;Non renseigné;Oui;Non renseigné;9,44;Oui;Non renseigné;0;Non;Non renseigné;Non renseigné;Non;Non renseigné;Non renseigné;Non;Non renseigné;Non renseigné;Non renseigné;Non renseigné;Non;Non renseigné;Non renseigné;Non renseigné;Non renseigné;Non renseigné;Non;Non renseigné;Non renseigné;Non;Non renseigné;Non renseigné;Oui;1;0;Oui;Non;0;0;Sécuritest;Invalide;oguillemot@custeed.com;Non renseigné
604fc0dfa0a0310003bdbb28;(Sécuritest) Auto Bilan Coutancais - Coutances;[Inactif] (Sécuritest) Auto Bilan Coutancais - Coutances;;Centre Commercial Auchan Avenue de la République;62950;Noyelles-Godault;Français (France);Non;Non renseigné;11/03/2021;Non;Non renseigné;Non renseigné;Non;Non renseigné;Non renseigné;Non;Non renseigné;Non renseigné;Non;Non renseigné;Non renseigné;Oui;Non renseigné;9,44;Oui;Non renseigné;0;Non;Non renseigné;Non renseigné;Non;Non renseigné;Non renseigné;Non;Non renseigné;Non renseigné;Non renseigné;Non renseigné;Non;Non renseigné;Non renseigné;Non renseigné;Non renseigné;Non renseigné;Non;Non renseigné;Non renseigné;Non;Non renseigné;Non renseigné;Oui;1;0;Oui;Non;0;0;Sécuritest;Invalide;oguillemot@custeed.com;Non renseigné
604fc0dfa0a0310003bdbb31;(Sécuritest) Controle Technique De Lessay - Lessay;[Inactif] (Sécuritest) Controle Technique De Lessay - Lessay;;18 Rue des Rosiéristes;69410;Champagne-au-Mont-d'Or;Français (France);Non;Non renseigné;11/03/2021;Non;Non renseigné;Non renseigné;Non;Non renseigné;Non renseigné;Non;Non renseigné;Non renseigné;Non;Non renseigné;Non renseigné;Oui;Non renseigné;9,44;Oui;Non renseigné;0;Non;Non renseigné;Non renseigné;Non;Non renseigné;Non renseigné;Non;Non renseigné;Non renseigné;Non renseigné;Non renseigné;Non;Non renseigné;Non renseigné;Non renseigné;Non renseigné;Non renseigné;Non;Non renseigné;Non renseigné;Non;Non renseigné;Non renseigné;Oui;1;0;Oui;Non;0;0;Sécuritest;Invalide;oguillemot@custeed.com;Non renseigné
604fc0dfa0a0310003bdbc36;(Sécuritest) Rouas Controle Technique - St Etienne Du Rouvray;[Inactif] (Sécuritest) Rouas Controle Technique - St Etienne Du Rouvray;;39-41 Rue du Souvenir;69009;Lyon;Français (France);Non;Non renseigné;11/03/2021;Non;Non renseigné;Non renseigné;Non;Non renseigné;Non renseigné;Non;Non renseigné;Non renseigné;Non;Non renseigné;Non renseigné;Oui;Non renseigné;9,44;Oui;Non renseigné;0;Non;Non renseigné;Non renseigné;Non;Non renseigné;Non renseigné;Non;Non renseigné;Non renseigné;Non renseigné;Non renseigné;Non;Non renseigné;Non renseigné;Non renseigné;Non renseigné;Non renseigné;Non;Non renseigné;Non renseigné;Non;Non renseigné;Non renseigné;Oui;1;0;Oui;Non;0;0;VérifAutos;Invalide;oguillemot@custeed.com;Non renseigné
604fc0dfa0a0310003bdbc5c;(Sécuritest) Cta Poissy - Poissy;[Inactif] (Sécuritest) Cta Poissy - Poissy;;3 Rue Tabareau;69004;Lyon;Français (France);Non;Non renseigné;11/03/2021;Non;Non renseigné;Non renseigné;Non;Non renseigné;Non renseigné;Non;Non renseigné;Non renseigné;Non;Non renseigné;Non renseigné;Oui;Non renseigné;9,44;Oui;Non renseigné;0;Non;Non renseigné;Non renseigné;Non;Non renseigné;Non renseigné;Non;Non renseigné;Non renseigné;Non renseigné;Non renseigné;Non;Non renseigné;Non renseigné;Non renseigné;Non renseigné;Non renseigné;Non;Non renseigné;Non renseigné;Non;Non renseigné;Non renseigné;Oui;1;0;Oui;Non;0;0;Sécuritest;Invalide;oguillemot@custeed.com;Non renseigné
604fc0dfa0a0310003bdbce2;(Sécuritest) Controle Europe 92 - Bagneux;[Inactif] (Sécuritest) Controle Europe 92 - Bagneux;;226 ter Avenue des Alliés;76140;Le Petit-Quevilly;Français (France);Non;Non renseigné;11/03/2021;Non;Non renseigné;Non renseigné;Non;Non renseigné;Non renseigné;Non;Non renseigné;Non renseigné;Non;Non renseigné;Non renseigné;Oui;Non renseigné;9,44;Oui;Non renseigné;0;Non;Non renseigné;Non renseigné;Non;Non renseigné;Non renseigné;Non;Non renseigné;Non renseigné;Non renseigné;Non renseigné;Non;Non renseigné;Non renseigné;Non renseigné;Non renseigné;Non renseigné;Non;Non renseigné;Non renseigné;Non;Non renseigné;Non renseigné;Oui;1;0;Oui;Non;0;0;Sécuritest;Invalide;oguillemot@custeed.com;Non renseigné
604fc0dfa0a0310003bdbce3;(Sécuritest) Antony Auto Diagnostic Securite - Antony;[Inactif] (Sécuritest) Antony Auto Diagnostic Securite - Antony;;43 Boulevard de la République;78400;Chatou;Français (France);Non;Non renseigné;11/03/2021;Non;Non renseigné;Non renseigné;Non;Non renseigné;Non renseigné;Non;Non renseigné;Non renseigné;Non;Non renseigné;Non renseigné;Oui;Non renseigné;9,44;Oui;Non renseigné;0;Non;Non renseigné;Non renseigné;Non;Non renseigné;Non renseigné;Non;Non renseigné;Non renseigné;Non renseigné;Non renseigné;Non;Non renseigné;Non renseigné;Non renseigné;Non renseigné;Non renseigné;Non;Non renseigné;Non renseigné;Non;Non renseigné;Non renseigné;Oui;1;0;Oui;Non;0;0;Sécuritest;Invalide;oguillemot@custeed.com;Non renseigné
604fc0dfa0a0310003bdbcf0;(Sécuritest) Sarl C.t.a.n. - Bondy;[Inactif] (Sécuritest) Sarl C.t.a.n. - Bondy;;77 Rue des Ors;79000;Niort;Français (France);Non;Non renseigné;11/03/2021;Non;Non renseigné;Non renseigné;Non;Non renseigné;Non renseigné;Non;Non renseigné;Non renseigné;Non;Non renseigné;Non renseigné;Oui;Non renseigné;9,44;Oui;Non renseigné;0;Non;Non renseigné;Non renseigné;Non;Non renseigné;Non renseigné;Non;Non renseigné;Non renseigné;Non renseigné;Non renseigné;Non;Non renseigné;Non renseigné;Non renseigné;Non renseigné;Non renseigné;Non;Non renseigné;Non renseigné;Non;Non renseigné;Non renseigné;Oui;1;0;Oui;Non;0;0;Sécuritest;Invalide;oguillemot@custeed.com;Non renseigné
604fc0dfa0a0310003bdbcf6;(Sécuritest) C.t. Arif - St Denis;[Inactif] (Sécuritest) C.t. Arif - St Denis;;50 Route de Gençay;86000;Poitiers;Français (France);Non;Non renseigné;11/03/2021;Non;Non renseigné;Non renseigné;Non;Non renseigné;Non renseigné;Non;Non renseigné;Non renseigné;Non;Non renseigné;Non renseigné;Oui;Non renseigné;9,44;Oui;Non renseigné;0;Non;Non renseigné;Non renseigné;Non;Non renseigné;Non renseigné;Non;Non renseigné;Non renseigné;Non renseigné;Non renseigné;Non;Non renseigné;Non renseigné;Non renseigné;Non renseigné;Non renseigné;Non;Non renseigné;Non renseigné;Non;Non renseigné;Non renseigné;Oui;1;0;Oui;Non;0;0;Sécuritest;Invalide;oguillemot@custeed.com;Non renseigné
604fc0dfa0a0310003bdbd25;(VérifAutos) Acsm - Morlaix;[Inactif] (VérifAutos) Acsm - Morlaix;;45 Rue de Chaumont;86000;Poitiers;Français (France);Non;Non renseigné;11/03/2021;Non;Non renseigné;Non renseigné;Non;Non renseigné;Non renseigné;Non;Non renseigné;Non renseigné;Non;Non renseigné;Non renseigné;Oui;Non renseigné;9,44;Oui;Non renseigné;0;Non;Non renseigné;Non renseigné;Non;Non renseigné;Non renseigné;Non;Non renseigné;Non renseigné;Non renseigné;Non renseigné;Non;Non renseigné;Non renseigné;Non renseigné;Non renseigné;Non renseigné;Non;Non renseigné;Non renseigné;Non;Non renseigné;Non renseigné;Oui;1;0;Oui;Non;0;0;Sécuritest;Invalide;oguillemot@custeed.com;Non renseigné
60d59cf99e6dda0003c07857;(ASF) Auto Contrôle Fouesnant;[Inactif] (ASF) Auto Contrôle Fouesnant;;ZAC du Petit Rosait 2320 Route nationale;1120;La Boisse;Français (France);Non;Non renseigné;11/03/2021;Non;Non renseigné;Non renseigné;Non;Non renseigné;Non renseigné;Non;Non renseigné;Non renseigné;Non;Non renseigné;Non renseigné;Oui;Non renseigné;9,44;Oui;Non renseigné;0;Non;Non renseigné;Non renseigné;Non;Non renseigné;Non renseigné;Non;Non renseigné;Non renseigné;Non renseigné;Non renseigné;Non;Non renseigné;Non renseigné;Non renseigné;Non renseigné;Non renseigné;Non;Non renseigné;Non renseigné;Non;Non renseigné;Non renseigné;Oui;1;0;Oui;Non;0;0;AutoSécurité;Invalide;oguillemot@custeed.com;Non renseigné
60d9e31f78e91f0003c07a82;(Sécuritest) Auto Contrôle Saint Evarzec;[Inactif] (Sécuritest) Auto Contrôle Saint Evarzec;;zone industrielle 700 Avenue Léon Blum;1500;Ambérieu-en-Bugey;Français (France);Non;Non renseigné;11/03/2021;Non;Non renseigné;Non renseigné;Non;Non renseigné;Non renseigné;Non;Non renseigné;Non renseigné;Non;Non renseigné;Non renseigné;Oui;Non renseigné;9,44;Oui;Non renseigné;0;Non;Non renseigné;Non renseigné;Non;Non renseigné;Non renseigné;Non;Non renseigné;Non renseigné;Non renseigné;Non renseigné;Non;Non renseigné;Non renseigné;Non renseigné;Non renseigné;Non renseigné;Non;Non renseigné;Non renseigné;Non;Non renseigné;Non renseigné;Oui;1;0;Oui;Non;0;0;AutoSécurité;Invalide;oguillemot@custeed.com;Non renseigné
60d9e3cf78e91f0003c07b42;(Sécuritest) Auto Contrôle Penanguer;[Inactif] (Sécuritest) Auto Contrôle Penanguer;;Za le pardy 264 Chemin des Cyprès;1480;Frans;Français (France);Non;Non renseigné;11/03/2021;Non;Non renseigné;Non renseigné;Non;Non renseigné;Non renseigné;Non;Non renseigné;Non renseigné;Non;Non renseigné;Non renseigné;Oui;Non renseigné;9,44;Oui;Non renseigné;0;Non;Non renseigné;Non renseigné;Non;Non renseigné;Non renseigné;Non;Non renseigné;Non renseigné;Non renseigné;Non renseigné;Non;Non renseigné;Non renseigné;Non renseigné;Non renseigné;Non renseigné;Non;Non renseigné;Non renseigné;Non;Non renseigné;Non renseigné;Oui;1;0;Oui;Non;0;0;AutoSécurité;Invalide;oguillemot@custeed.com;Non renseigné
60d9e48678e91f0003c07bea;(Vérif Autos) Auto Contrôle Lanriec;[Inactif] (Vérif Autos) Auto Contrôle Lanriec;;94 Rue de la République;1110;Plateau d'Hauteville;Français (France);Non;Non renseigné;11/03/2021;Non;Non renseigné;Non renseigné;Non;Non renseigné;Non renseigné;Non;Non renseigné;Non renseigné;Non;Non renseigné;Non renseigné;Oui;Non renseigné;9,44;Oui;Non renseigné;0;Non;Non renseigné;Non renseigné;Non;Non renseigné;Non renseigné;Non;Non renseigné;Non renseigné;Non renseigné;Non renseigné;Non;Non renseigné;Non renseigné;Non renseigné;Non renseigné;Non renseigné;Non;Non renseigné;Non renseigné;Non;Non renseigné;Non renseigné;Oui;1;0;Oui;Non;0;0;AutoSécurité;Invalide;oguillemot@custeed.com;Non renseigné
60d9e87178e91f0003c0805f;(Sécuritest) Contrôle Technique Bel-Air;[Inactif] (Sécuritest) Contrôle Technique Bel-Air;;parking des charmilles;1300;Belley;Français (France);Non;Non renseigné;11/03/2021;Non;Non renseigné;Non renseigné;Non;Non renseigné;Non renseigné;Non;Non renseigné;Non renseigné;Non;Non renseigné;Non renseigné;Oui;Non renseigné;9,44;Oui;Non renseigné;0;Non;Non renseigné;Non renseigné;Non;Non renseigné;Non renseigné;Non;Non renseigné;Non renseigné;Non renseigné;Non renseigné;Non;Non renseigné;Non renseigné;Non renseigné;Non renseigné;Non renseigné;Non;Non renseigné;Non renseigné;Non;Non renseigné;Non renseigné;Oui;1;0;Oui;Non;0;0;AutoSécurité;Invalide;oguillemot@custeed.com;Non renseigné
60d9e8fa78e91f0003c08114;(Sécuritest) Auto Contrôle Rosporden;[Inactif] (Sécuritest) Auto Contrôle Rosporden;;16 bis Place Bertin;1190;Pont-de-Vaux;Français (France);Non;Non renseigné;11/03/2021;Non;Non renseigné;Non renseigné;Non;Non renseigné;Non renseigné;Non;Non renseigné;Non renseigné;Non;Non renseigné;Non renseigné;Oui;Non renseigné;9,44;Oui;Non renseigné;0;Non;Non renseigné;Non renseigné;Non;Non renseigné;Non renseigné;Non;Non renseigné;Non renseigné;Non renseigné;Non renseigné;Non;Non renseigné;Non renseigné;Non renseigné;Non renseigné;Non renseigné;Non;Non renseigné;Non renseigné;Non;Non renseigné;Non renseigné;Oui;1;0;Oui;Non;0;0;AutoSécurité;Invalide;oguillemot@custeed.com;Non renseigné
60d9e9c278e91f0003c081e4;(Sécuritest) Auto Contrôle Gourin;[Inactif] (Sécuritest) Auto Contrôle Gourin;;5 rue des châlets a cote intersport-z.a de l`allondon;1630;Saint-Genis-Pouilly;Français (France);Non;Non renseigné;11/03/2021;Non;Non renseigné;Non renseigné;Non;Non renseigné;Non renseigné;Non;Non renseigné;Non renseigné;Non;Non renseigné;Non renseigné;Oui;Non renseigné;9,44;Oui;Non renseigné;0;Non;Non renseigné;Non renseigné;Non;Non renseigné;Non renseigné;Non;Non renseigné;Non renseigné;Non renseigné;Non renseigné;Non;Non renseigné;Non renseigné;Non renseigné;Non renseigné;Non renseigné;Non;Non renseigné;Non renseigné;Non;Non renseigné;Non renseigné;Oui;1;0;Oui;Non;0;0;AutoSécurité;Invalide;oguillemot@custeed.com;Non renseigné
60d9ea7e78e91f0003c08294;(Auto Sécurité) Auto Contrôle Gourvily;[Inactif] (Auto Sécurité) Auto Contrôle Gourvily;;33 bis Avenue de Marboz;1000;Bourg-en-Bresse;Français (France);Non;Non renseigné;11/03/2021;Non;Non renseigné;Non renseigné;Non;Non renseigné;Non renseigné;Non;Non renseigné;Non renseigné;Non;Non renseigné;Non renseigné;Oui;Non renseigné;9,44;Oui;Non renseigné;0;Non;Non renseigné;Non renseigné;Non;Non renseigné;Non renseigné;Non;Non renseigné;Non renseigné;Non renseigné;Non renseigné;Non;Non renseigné;Non renseigné;Non renseigné;Non renseigné;Non renseigné;Non;Non renseigné;Non renseigné;Non;Non renseigné;Non renseigné;Oui;1;0;Oui;Non;0;0;AutoSécurité;Invalide;oguillemot@custeed.com;Non renseigné
60d9eaf478e91f0003c08311;(Sécuritest) Auto Contrôle Châteaulin;[Inactif] (Sécuritest) Auto Contrôle Châteaulin;;La Tuilerie;1330;Villars-les-Dombes;Français (France);Non;Non renseigné;11/03/2021;Non;Non renseigné;Non renseigné;Non;Non renseigné;Non renseigné;Non;Non renseigné;Non renseigné;Non;Non renseigné;Non renseigné;Oui;Non renseigné;9,44;Oui;Non renseigné;0;Non;Non renseigné;Non renseigné;Non;Non renseigné;Non renseigné;Non;Non renseigné;Non renseigné;Non renseigné;Non renseigné;Non;Non renseigné;Non renseigné;Non renseigné;Non renseigné;Non renseigné;Non;Non renseigné;Non renseigné;Non;Non renseigné;Non renseigné;Oui;1;0;Oui;Non;0;0;AutoSécurité;Invalide;oguillemot@custeed.com;Non renseigné
618c27038caf5b0003217cf2;(Vérif Autos) CONTROLE PLUS - Nanterre;[Inactif] (Vérif Autos) CONTROLE PLUS - Nanterre;;66 Rue des Écoles;2840;Athies-sous-Laon;Français (France);Non;Non renseigné;11/03/2021;Non;Non renseigné;Non renseigné;Non;Non renseigné;Non renseigné;Non;Non renseigné;Non renseigné;Non;Non renseigné;Non renseigné;Oui;Non renseigné;9,44;Oui;Non renseigné;0;Non;Non renseigné;Non renseigné;Non;Non renseigné;Non renseigné;Non;Non renseigné;Non renseigné;Non renseigné;Non renseigné;Non;Non renseigné;Non renseigné;Non renseigné;Non renseigné;Non renseigné;Non;Non renseigné;Non renseigné;Non;Non renseigné;Non renseigné;Oui;1;0;Oui;Non;0;0;AutoSécurité;Invalide;oguillemot@custeed.com;Non renseigné
5dbaff31b35f8f0015e6ebf2;Contôle technique D.L.H. - Auto Sécurité Limas;[Inactif] Contôle technique D.L.H. - Auto Sécurité Limas;;3 Rue Fagard;2110;Bohain-en-Vermandois;Français (France);Non;Non renseigné;11/03/2021;Non;Non renseigné;Non renseigné;Non;Non renseigné;Non renseigné;Non;Non renseigné;Non renseigné;Non;Non renseigné;Non renseigné;Oui;Non renseigné;9,44;Oui;Non renseigné;0;Non;Non renseigné;Non renseigné;Non;Non renseigné;Non renseigné;Non;Non renseigné;Non renseigné;Non renseigné;Non renseigné;Non;Non renseigné;Non renseigné;Non renseigné;Non renseigné;Non renseigné;Non;Non renseigné;Non renseigné;Non;Non renseigné;Non renseigné;Oui;1;0;Oui;Non;0;0;AutoSécurité;Invalide;oguillemot@custeed.com;Non renseigné
5dbb2cbb7034f300152e912f;Contrôle technique ACO Sécurité - Sécuritest Lorient;[Inactif] Contrôle technique ACO Sécurité - Sécuritest Lorient;;zone industrielle 17 Rue Gustave Eiffel;2400;Château-Thierry;Français (France);Non;Non renseigné;11/03/2021;Non;Non renseigné;Non renseigné;Non;Non renseigné;Non renseigné;Non;Non renseigné;Non renseigné;Non;Non renseigné;Non renseigné;Oui;Non renseigné;9,44;Oui;Non renseigné;0;Non;Non renseigné;Non renseigné;Non;Non renseigné;Non renseigné;Non;Non renseigné;Non renseigné;Non renseigné;Non renseigné;Non;Non renseigné;Non renseigné;Non renseigné;Non renseigné;Non renseigné;Non;Non renseigné;Non renseigné;Non;Non renseigné;Non renseigné;Oui;1;0;Oui;Non;0;0;AutoSécurité;Invalide;oguillemot@custeed.com;Non renseigné
